NCAA_Link,Year,School,Conf,Class,Pos,G,Rush_Att,Rush_Yds,Rush_Avg,Rush_TD,Rec,Rec_Yds,Rec_Avg,Rec_TD,Scrim_Plays,Scrim_Yds,Scrim_Avg,Scrim_TD,Pass_Cmp,Pass_Att,Pass_Pct,Pass_Yds,Pass_Y/A,Pass_AY/A,Pass_TD,Pass_Int,Pass_Rate,Kick_Ret,Kick_ret_Yds,Kick_ret_Avg,Kick_ret_TD,Punt_Ret,Punt_ret_Yds,Punt_ret_Avg,Punt_ret_TD,Def_Solo_Tackles,Def_Ast_Tackles,Def_Tot_Tackles,Def_Loss_Tackles,Def_Sk,Def_Int,Def_Int_Yds,Def_Int_Avg,Def_Int_TD,Def_Int_PD,Def_FR,Def_Yds_Fumbles,Def_TD_Fumbles,Def_FF,Punts,Punt_Yds,Punt_Avg,Kick_XPM,Kick_XPA,Kick_XP_pct,Kick_FGM,Kick_FGA,Kick_FG_pct,Kick_Pts
https://www.sports-reference.com/cfb/players/shaun-alexander-1.html,1996,Alabama,SEC,,RB,11.0,77.0,589.0,7.6,6.0,7.0,53.0,7.6,0.0,84.0,642.0,7.6,6.0,0.0,1.0,0.0,0.0,0.0,0.0,0.0,0.0,0.0,,,,,,,,,,,,,,,,,,,,,,,,,,,,,,,,
https://www.sports-reference.com/cfb/players/shaun-alexander-1.html,1997,Alabama,SEC,,RB,9.0,90.0,415.0,4.6,3.0,4.0,37.0,9.3,0.0,94.0,452.0,4.8,3.0,,,,,,,,,,,,,,,,,,,,,,,,,,,,,,,,,,,,,,,,,
https://www.sports-reference.com/cfb/players/shaun-alexander-1.html,1998,Alabama,SEC,,RB,11.0,258.0,1178.0,4.6,13.0,26.0,385.0,14.8,4.0,284.0,1563.0,5.5,17.0,,,,,,,,,,,,,,,,,,,,,,,,,,,,,,,,,,,,,,,,,
https://www.sports-reference.com/cfb/players/shaun-alexander-1.html,1999,Alabama,SEC,,RB,11.0,302.0,1383.0,4.6,19.0,25.0,323.0,12.9,4.0,327.0,1706.0,5.2,23.0,0.0,1.0,0.0,0.0,0.0,0.0,0.0,0.0,0.0,2.0,90.0,45.0,1.0,,,,,,,,,,,,,,,,,,,,,,,,,,,,
https://www.sports-reference.com/cfb/players/shaun-alexander-1.html,Career,Alabama,,,,,727.0,3565.0,4.9,41.0,62.0,798.0,12.9,8.0,789.0,4363.0,5.5,49.0,0.0,2.0,0.0,0.0,0.0,0.0,0.0,0.0,0.0,2.0,90.0,45.0,1.0,,,,,,,,,,,,,,,,,,,,,,,,,,,,
https://www.sports-reference.com/cfb/players/lavar-arrington-1.html,1998,Penn State,Big Ten,,LB,11.0,,,,,,,,,,,,,,,,,,,,,,,,,,,,,,,,,,,2.0,16.0,8.0,1.0,,,,,,,,,,,,,,,
https://www.sports-reference.com/cfb/players/lavar-arrington-1.html,1999,Penn State,Big Ten,,LB,12.0,,,,,,,,,,,,,,,,,,,,,,,,,,,,,,,,,,,1.0,27.0,27.0,0.0,,,,,,,,,,,,,,,
https://www.sports-reference.com/cfb/players/lavar-arrington-1.html,Career,Penn State,,,,,,,,,,,,,,,,,,,,,,,,,,,,,,,,,,,,,,,3.0,43.0,14.3,1.0,,,,,,,,,,,,,,,
https://www.sports-reference.com/cfb/players/john-baker-3.html,1997,North Texas,Big West,,P,11.0,,,,,,,,,,,,,,,,,,,,,,,,,,,,,,,,,,,,,,,,,,,,62.0,2925.0,47.2,,,,,,,
https://www.sports-reference.com/cfb/players/john-baker-3.html,1998,North Texas,Big West,,P,11.0,,,,,,,,,,,,,,,,,,,,,,,,,,,,,,,,,,,,,,,,,,,,66.0,2783.0,42.2,,,,,,,
https://www.sports-reference.com/cfb/players/john-baker-3.html,1999,North Texas,Big West,,P,11.0,,,,,,,,,,,,,1.0,1.0,100.0,27.0,27.0,27.0,0.0,0.0,326.8,,,,,,,,,,,,,,,,,,,,,,,82.0,3535.0,43.1,,,,,,,
https://www.sports-reference.com/cfb/players/john-baker-3.html,Career,North Texas,,,,,,,,,,,,,,,,,1.0,1.0,100.0,27.0,27.0,27.0,0.0,0.0,326.8,,,,,,,,,,,,,,,,,,,,,,,210.0,9243.0,44.0,,,,,,,
https://www.sports-reference.com/cfb/players/anthony-becht-1.html,*1996,West Virginia,Big East,,TE,6.0,,,,,10.0,140.0,14.0,1.0,10.0,140.0,14.0,1.0,,,,,,,,,,,,,,,,,,,,,,,,,,,,,,,,,,,,,,,,,
https://www.sports-reference.com/cfb/players/anthony-becht-1.html,*1997,West Virginia,Big East,,TE,11.0,,,,,9.0,135.0,15.0,1.0,9.0,135.0,15.0,1.0,,,,,,,,,,,,,,,,,,,,,,,,,,,,,,,,,,,,,,,,,
https://www.sports-reference.com/cfb/players/anthony-becht-1.html,*1998,West Virginia,Big East,,TE,12.0,,,,,29.0,393.0,13.6,4.0,29.0,393.0,13.6,4.0,,,,,,,,,,,,,,,,,,,,,,,,,,,,,,,,,,,,,,,,,
https://www.sports-reference.com/cfb/players/anthony-becht-1.html,1999,West Virginia,Big East,,TE,11.0,,,,,35.0,510.0,14.6,5.0,35.0,510.0,14.6,5.0,,,,,,,,,,,,,,,,,,,,,,,,,,,,,,,,,,,,,,,,,
https://www.sports-reference.com/cfb/players/anthony-becht-1.html,Career,West Virginia,,,,,,,,,83.0,1178.0,14.2,11.0,83.0,1178.0,14.2,11.0,,,,,,,,,,,,,,,,,,,,,,,,,,,,,,,,,,,,,,,,,
https://www.sports-reference.com/cfb/players/tom-brady-1.html,1996,Michigan,Big Ten,,QB,2.0,,,,,,,,,0.0,0.0,,0.0,3.0,5.0,60.0,26.0,5.2,-3.8,0.0,1.0,63.7,,,,,,,,,,,,,,,,,,,,,,,,,,,,,,,,
https://www.sports-reference.com/cfb/players/tom-brady-1.html,1997,Michigan,Big Ten,,QB,4.0,2.0,-14.0,-7.0,0.0,,,,,2.0,-14.0,-7.0,0.0,12.0,15.0,80.0,103.0,6.9,6.9,0.0,0.0,137.7,,,,,,,,,,,,,,,,,,,,,,,,,,,,,,,,
https://www.sports-reference.com/cfb/players/tom-brady-1.html,1998,Michigan,Big Ten,,QB,12.0,54.0,-105.0,-1.9,2.0,,,,,54.0,-105.0,-1.9,2.0,200.0,323.0,61.9,2427.0,7.5,7.0,14.0,10.0,133.1,,,,,,,,,,,,,,,,,,,,,,,,,,,,,,,,
https://www.sports-reference.com/cfb/players/tom-brady-1.html,1999,Michigan,Big Ten,,QB,11.0,34.0,-31.0,-0.9,1.0,,,,,34.0,-31.0,-0.9,1.0,180.0,295.0,61.0,2217.0,7.5,7.7,16.0,6.0,138.0,,,,,,,,,,,,,,,,,,,,,,,,,,,,,,,,
https://www.sports-reference.com/cfb/players/tom-brady-1.html,Career,Michigan,,,,,90.0,-150.0,-1.7,3.0,,,,,90.0,-150.0,-1.7,3.0,395.0,638.0,61.9,4773.0,7.5,7.2,30.0,17.0,134.9,,,,,,,,,,,,,,,,,,,,,,,,,,,,,,,,
https://www.sports-reference.com/cfb/players/ralph-brown-2.html,1996,Nebraska,Big 12,,DB,12.0,,,,,,,,,,,,,,,,,,,,,,,,,,,,,,,,,,,4.0,83.0,20.8,1.0,,,,,,,,,,,,,,,
https://www.sports-reference.com/cfb/players/ralph-brown-2.html,1997,Nebraska,Big 12,,DB,12.0,,,,,,,,,,,,,,,,,,,,,,,,,,,,,,,,,,,2.0,28.0,14.0,0.0,,,,,,,,,,,,,,,
https://www.sports-reference.com/cfb/players/ralph-brown-2.html,1998,Nebraska,Big 12,,DB,12.0,,,,,,,,,,,,,,,,,,,,,,,,,,3.0,7.0,2.3,0.0,,,,,,2.0,60.0,30.0,0.0,,,,,,,,,,,,,,,
https://www.sports-reference.com/cfb/players/ralph-brown-2.html,1999,Nebraska,Big 12,,DB,12.0,,,,,,,,,,,,,,,,,,,,,,,,,,0.0,0.0,,1.0,,,,,,3.0,82.0,27.3,0.0,,,,,,,,,,,,,,,
https://www.sports-reference.com/cfb/players/ralph-brown-2.html,Career,Nebraska,,,,,,,,,,,,,,,,,,,,,,,,,,,,,,3.0,7.0,2.3,1.0,,,,,,11.0,253.0,23.0,1.0,,,,,,,,,,,,,,,
https://www.sports-reference.com/cfb/players/courtney-brown-1.html,1999,Penn State,Big Ten,,DL,12.0,,,,,,,,,,,,,,,,,,,,,,,,,,,,,,,,,,,1.0,25.0,25.0,1.0,,,,,,,,,,,,,,,
https://www.sports-reference.com/cfb/players/courtney-brown-1.html,Career,Penn State,,,,,,,,,,,,,,,,,,,,,,,,,,,,,,,,,,,,,,,1.0,25.0,25.0,1.0,,,,,,,,,,,,,,,
https://www.sports-reference.com/cfb/players/marc-bulger-1.html,*1996,West Virginia,Big East,,QB,6.0,3.0,-17.0,-5.7,0.0,,,,,3.0,-17.0,-5.7,0.0,19.0,42.0,45.2,352.0,8.4,8.7,3.0,1.0,134.4,,,,,,,,,,,,,,,,,,,,,,,,,,,,,,,,
https://www.sports-reference.com/cfb/players/marc-bulger-1.html,*1997,West Virginia,Big East,,QB,12.0,52.0,-93.0,-1.8,2.0,1.0,-1.0,-1.0,0.0,53.0,-94.0,-1.8,2.0,192.0,323.0,59.4,2465.0,7.6,7.1,14.0,10.0,131.7,,,,,,,,,,,,,,,,,,,,,,,,,,,,,,,,
https://www.sports-reference.com/cfb/players/marc-bulger-1.html,*1998,West Virginia,Big East,,QB,12.0,33.0,-92.0,-2.8,0.0,,,,,33.0,-92.0,-2.8,0.0,274.0,419.0,65.4,3607.0,8.6,9.0,31.0,10.0,157.3,,,,,,,,,,,,,,,,,,,,,,,,,,,,,,,,
https://www.sports-reference.com/cfb/players/marc-bulger-1.html,1999,West Virginia,Big East,,QB,8.0,19.0,-124.0,-6.5,0.0,,,,,19.0,-124.0,-6.5,0.0,145.0,239.0,60.7,1729.0,7.2,5.7,11.0,13.0,125.7,,,,,,,,,,,,,,,,,,,,,,,,,,,,,,,,
https://www.sports-reference.com/cfb/players/marc-bulger-1.html,Career,West Virginia,,,,,107.0,-326.0,-3.0,2.0,1.0,-1.0,-1.0,0.0,108.0,-327.0,-3.0,2.0,630.0,1023.0,61.6,8153.0,8.0,7.6,59.0,34.0,140.9,,,,,,,,,,,,,,,,,,,,,,,,,,,,,,,,
https://www.sports-reference.com/cfb/players/plaxico-burress-1.html,1998,Michigan State,Big Ten,,WR,12.0,,,,,65.0,1013.0,15.6,8.0,65.0,1013.0,15.6,8.0,,,,,,,,,,,,,,,,,,,,,,,,,,,,,,,,,,,,,,,,,
https://www.sports-reference.com/cfb/players/plaxico-burress-1.html,*1999,Michigan State,Big Ten,,WR,12.0,,,,,66.0,1142.0,17.3,12.0,66.0,1142.0,17.3,12.0,1.0,1.0,100.0,7.0,7.0,7.0,0.0,0.0,158.8,1.0,0.0,0.0,0.0,,,,,,,,,,,,,,,,,,,,,,,,,,,,
https://www.sports-reference.com/cfb/players/plaxico-burress-1.html,Career,Michigan State,,,,,,,,,131.0,2155.0,16.5,20.0,131.0,2155.0,16.5,20.0,1.0,1.0,100.0,7.0,7.0,7.0,0.0,0.0,158.8,1.0,0.0,0.0,0.0,,,,,,,,,,,,,,,,,,,,,,,,,,,,
https://www.sports-reference.com/cfb/players/trung-canidate-1.html,1996,Arizona,Pac-10,,WR,11.0,,,,,,,,,0.0,0.0,,0.0,,,,,,,,,,,,,,1.0,13.0,13.0,1.0,,,,,,,,,,,,,,,,,,,,,,,,
https://www.sports-reference.com/cfb/players/trung-canidate-1.html,1997,Arizona,Pac-10,,RB,8.0,138.0,804.0,5.8,4.0,3.0,24.0,8.0,0.0,141.0,828.0,5.9,4.0,,,,,,,,,,,,,,,,,,,,,,,,,,,,,,,,,,,,,,,,,
https://www.sports-reference.com/cfb/players/trung-canidate-1.html,1998,Arizona,Pac-10,,RB,11.0,167.0,1220.0,7.3,10.0,9.0,191.0,21.2,0.0,176.0,1411.0,8.0,10.0,,,,,,,,,,,,,,,,,,,,,,,,,,,,,,,,,,,,,,,,,
https://www.sports-reference.com/cfb/players/trung-canidate-1.html,1999,Arizona,Pac-10,,RB,12.0,253.0,1602.0,6.3,11.0,30.0,253.0,8.4,1.0,283.0,1855.0,6.6,12.0,,,,,,,,,,,,,,,,,,,,,,,,,,,,,,,,,,,,,,,,,
https://www.sports-reference.com/cfb/players/trung-canidate-1.html,Career,Arizona,,,,,558.0,3626.0,6.5,25.0,42.0,468.0,11.1,1.0,600.0,4094.0,6.8,26.0,,,,,,,,,,,,,,1.0,13.0,13.0,1.0,,,,,,,,,,,,,,,,,,,,,,,,
https://www.sports-reference.com/cfb/players/tyrone-carter-1.html,1996,Minnesota,Big Ten,,DB,11.0,,,,,,,,,,,,,,,,,,,,,,19.0,357.0,18.8,0.0,,,,,,,,,,1.0,0.0,0.0,0.0,,,,,,,,,,,,,,,
https://www.sports-reference.com/cfb/players/tyrone-carter-1.html,1997,Minnesota,Big Ten,,DB,12.0,,,,,,,,,,,,,,,,,,,,,,17.0,455.0,26.8,0.0,,,,,,,,,,1.0,0.0,0.0,0.0,,,,,,,,,,,,,,,
https://www.sports-reference.com/cfb/players/tyrone-carter-1.html,1998,Minnesota,Big Ten,,DB,11.0,,,,,,,,,,,,,,,,,,,,,,13.0,347.0,26.7,1.0,,,,,,,,,,1.0,8.0,8.0,0.0,,,,,,,,,,,,,,,
https://www.sports-reference.com/cfb/players/tyrone-carter-1.html,*1999,Minnesota,Big Ten,,DB,12.0,,,,,,,,,,,,,,,,,,,,,,17.0,300.0,17.6,0.0,30.0,356.0,11.9,0.0,,,,,,,,,,,,,,,,,,,,,,,,
https://www.sports-reference.com/cfb/players/tyrone-carter-1.html,Career,Minnesota,,,,,,,,,,,,,,,,,,,,,,,,,,66.0,1459.0,22.1,1.0,30.0,356.0,11.9,0.0,,,,,,3.0,8.0,2.7,0.0,,,,,,,,,,,,,,,
https://www.sports-reference.com/cfb/players/kwame-cavil-1.html,1997,Texas,Big 12,,WR,9.0,,,,,23.0,316.0,13.7,1.0,23.0,316.0,13.7,1.0,,,,,,,,,,,,,,,,,,,,,,,,,,,,,,,,,,,,,,,,,
https://www.sports-reference.com/cfb/players/kwame-cavil-1.html,1998,Texas,Big 12,,WR,11.0,2.0,2.0,1.0,0.0,51.0,775.0,15.2,3.0,53.0,777.0,14.7,3.0,,,,,,,,,,,,,,,,,,,,,,,,,,,,,,,,,,,,,,,,,
https://www.sports-reference.com/cfb/players/kwame-cavil-1.html,*1999,Texas,Big 12,,WR,13.0,1.0,-2.0,-2.0,0.0,100.0,1188.0,11.9,6.0,101.0,1186.0,11.7,6.0,,,,,,,,,,,,,,,,,,,,,,,,,,,,,,,,,,,,,,,,,
https://www.sports-reference.com/cfb/players/kwame-cavil-1.html,Career,Texas,,,,,3.0,0.0,0.0,0.0,174.0,2279.0,13.1,10.0,177.0,2279.0,12.9,10.0,,,,,,,,,,,,,,,,,,,,,,,,,,,,,,,,,,,,,,,,,
https://www.sports-reference.com/cfb/players/doug-chapman-1.html,*1997,Marshall,MAC,,RB,13.0,176.0,1060.0,6.0,11.0,17.0,108.0,6.4,1.0,193.0,1168.0,6.1,12.0,,,,,,,,,,,,,,,,,,,,,,,,,,,,,,,,,,,,,,,,,
https://www.sports-reference.com/cfb/players/doug-chapman-1.html,*1998,Marshall,MAC,,RB,13.0,278.0,1265.0,4.6,17.0,26.0,279.0,10.7,3.0,304.0,1544.0,5.1,20.0,,,,,,,,,,,,,,,,,,,,,,,,,,,,,,,,,,,,,,,,,
https://www.sports-reference.com/cfb/players/doug-chapman-1.html,1999,Marshall,MAC,,RB,12.0,164.0,686.0,4.2,12.0,24.0,321.0,13.4,1.0,188.0,1007.0,5.4,13.0,0.0,1.0,0.0,0.0,0.0,0.0,0.0,0.0,0.0,,,,,,,,,,,,,,,,,,,,,,,,,,,,,,,,
https://www.sports-reference.com/cfb/players/doug-chapman-1.html,Career,Marshall,,,,,618.0,3011.0,4.9,40.0,67.0,708.0,10.6,5.0,685.0,3719.0,5.4,45.0,0.0,1.0,0.0,0.0,0.0,0.0,0.0,0.0,0.0,,,,,,,,,,,,,,,,,,,,,,,,,,,,,,,,
https://www.sports-reference.com/cfb/players/ike-charlton-1.html,1997,Virginia Tech,Big East,,DB,11.0,1.0,16.0,16.0,0.0,2.0,15.0,7.5,0.0,3.0,31.0,10.3,0.0,,,,,,,,,,17.0,352.0,20.7,0.0,,,,,,,,,,2.0,28.0,14.0,0.0,,,,,,,,,,,,,,,
https://www.sports-reference.com/cfb/players/ike-charlton-1.html,1998,Virginia Tech,Big East,,DB,11.0,,,,,,,,,0.0,0.0,,0.0,,,,,,,,,,7.0,154.0,22.0,0.0,,,,,,,,,,5.0,81.0,16.2,1.0,,,,,,,,,,,,,,,
https://www.sports-reference.com/cfb/players/ike-charlton-1.html,*1999,Virginia Tech,Big East,,DB,12.0,,,,,,,,,0.0,0.0,,0.0,,,,,,,,,,,,,,4.0,88.0,22.0,0.0,,,,,,1.0,34.0,34.0,1.0,,,,,,,,,,,,,,,
https://www.sports-reference.com/cfb/players/ike-charlton-1.html,Career,Virginia Tech,,,,,1.0,16.0,16.0,0.0,2.0,15.0,7.5,0.0,3.0,31.0,10.3,0.0,,,,,,,,,,24.0,506.0,21.1,0.0,4.0,88.0,22.0,0.0,,,,,,8.0,143.0,17.9,2.0,,,,,,,,,,,,,,,
https://www.sports-reference.com/cfb/players/chris-cole-2.html,1997,Texas A&M,Big 12,,WR,12.0,2.0,59.0,29.5,0.0,25.0,333.0,13.3,3.0,27.0,392.0,14.5,3.0,,,,,,,,,,,,,,,,,,,,,,,,,,,,,,,,,,,,,,,,,
https://www.sports-reference.com/cfb/players/chris-cole-2.html,1998,Texas A&M,Big 12,,WR,13.0,2.0,-14.0,-7.0,0.0,38.0,667.0,17.6,5.0,40.0,653.0,16.3,5.0,,,,,,,,,,,,,,,,,,,,,,,,,,,,,,,,,,,,,,,,,
https://www.sports-reference.com/cfb/players/chris-cole-2.html,1999,Texas A&M,Big 12,,WR,11.0,,,,,22.0,363.0,16.5,0.0,22.0,363.0,16.5,0.0,,,,,,,,,,2.0,38.0,19.0,0.0,,,,,,,,,,,,,,,,,,,,,,,,,,,,
https://www.sports-reference.com/cfb/players/chris-cole-2.html,Career,Texas A&M,,,,,4.0,45.0,11.3,0.0,85.0,1363.0,16.0,8.0,89.0,1408.0,15.8,8.0,,,,,,,,,,2.0,38.0,19.0,0.0,,,,,,,,,,,,,,,,,,,,,,,,,,,,
https://www.sports-reference.com/cfb/players/chris-coleman-1.html,1996,North Carolina State,ACC,,WR,11.0,,,,,15.0,284.0,18.9,1.0,15.0,284.0,18.9,1.0,,,,,,,,,,,,,,1.0,47.0,47.0,1.0,,,,,,,,,,,,,,,,,,,,,,,,
https://www.sports-reference.com/cfb/players/chris-coleman-1.html,1997,North Carolina State,ACC,,WR,11.0,,,,,14.0,262.0,18.7,1.0,14.0,262.0,18.7,1.0,,,,,,,,,,,,,,,,,,,,,,,,,,,,,,,,,,,,,,,,,
https://www.sports-reference.com/cfb/players/chris-coleman-1.html,1998,North Carolina State,ACC,,WR,11.0,,,,,52.0,876.0,16.8,5.0,52.0,876.0,16.8,5.0,,,,,,,,,,,,,,1.0,30.0,30.0,1.0,,,,,,,,,,,,,,,,,,,,,,,,
https://www.sports-reference.com/cfb/players/chris-coleman-1.html,1999,North Carolina State,ACC,,WR,9.0,1.0,0.0,0.0,0.0,41.0,487.0,11.9,1.0,42.0,487.0,11.6,1.0,,,,,,,,,,1.0,19.0,19.0,0.0,7.0,46.0,6.6,0.0,,,,,,,,,,,,,,,,,,,,,,,,
https://www.sports-reference.com/cfb/players/chris-coleman-1.html,Career,North Carolina State,,,,,1.0,0.0,0.0,0.0,122.0,1909.0,15.6,8.0,123.0,1909.0,15.5,8.0,,,,,,,,,,1.0,19.0,19.0,0.0,9.0,123.0,13.7,2.0,,,,,,,,,,,,,,,,,,,,,,,,
https://www.sports-reference.com/cfb/players/laveranues-coles-1.html,1996,Florida State,ACC,,RB,9.0,14.0,91.0,6.5,0.0,10.0,104.0,10.4,2.0,24.0,195.0,8.1,2.0,,,,,,,,,,5.0,124.0,24.8,0.0,,,,,,,,,,,,,,,,,,,,,,,,,,,,
https://www.sports-reference.com/cfb/players/laveranues-coles-1.html,1997,Florida State,ACC,,WR,11.0,6.0,41.0,6.8,0.0,21.0,384.0,18.3,1.0,27.0,425.0,15.7,1.0,,,,,,,,,,8.0,169.0,21.1,0.0,,,,,,,,,,,,,,,,,,,,,,,,,,,,
https://www.sports-reference.com/cfb/players/laveranues-coles-1.html,1998,Florida State,ACC,,WR,11.0,15.0,128.0,8.5,1.0,19.0,397.0,20.9,3.0,34.0,525.0,15.4,4.0,,,,,,,,,,13.0,369.0,28.4,1.0,,,,,,,,,,,,,,,,,,,,,,,,,,,,
https://www.sports-reference.com/cfb/players/laveranues-coles-1.html,1999,Florida State,ACC,,WR,4.0,,,,,12.0,179.0,14.9,1.0,12.0,179.0,14.9,1.0,,,,,,,,,,6.0,154.0,25.7,0.0,,,,,,,,,,,,,,,,,,,,,,,,,,,,
https://www.sports-reference.com/cfb/players/laveranues-coles-1.html,Career,Florida State,,,,,35.0,260.0,7.4,1.0,62.0,1064.0,17.2,7.0,97.0,1324.0,13.6,8.0,,,,,,,,,,32.0,816.0,25.5,1.0,,,,,,,,,,,,,,,,,,,,,,,,,,,,
https://www.sports-reference.com/cfb/players/casey-crawford-1.html,1996,Virginia,ACC,,TE,11.0,,,,,4.0,71.0,17.8,0.0,4.0,71.0,17.8,0.0,,,,,,,,,,,,,,,,,,,,,,,,,,,,,,,,,,,,,,,,,
https://www.sports-reference.com/cfb/players/casey-crawford-1.html,1997,Virginia,ACC,,TE,4.0,,,,,10.0,110.0,11.0,0.0,10.0,110.0,11.0,0.0,,,,,,,,,,,,,,,,,,,,,,,,,,,,,,,,,,,,,,,,,
https://www.sports-reference.com/cfb/players/casey-crawford-1.html,1998,Virginia,ACC,,TE,9.0,,,,,11.0,136.0,12.4,0.0,11.0,136.0,12.4,0.0,,,,,,,,,,,,,,,,,,,,,,,,,,,,,,,,,,,,,,,,,
https://www.sports-reference.com/cfb/players/casey-crawford-1.html,1999,Virginia,ACC,,TE,6.0,,,,,11.0,183.0,16.6,1.0,11.0,183.0,16.6,1.0,,,,,,,,,,,,,,,,,,,,,,,,,,,,,,,,,,,,,,,,,
https://www.sports-reference.com/cfb/players/casey-crawford-1.html,Career,Virginia,,,,,,,,,36.0,500.0,13.9,1.0,36.0,500.0,13.9,1.0,,,,,,,,,,,,,,,,,,,,,,,,,,,,,,,,,,,,,,,,,
https://www.sports-reference.com/cfb/players/jajuan-dawson-1.html,1996,Tulane,CUSA,,WR,11.0,,,,,18.0,211.0,11.7,1.0,18.0,211.0,11.7,1.0,,,,,,,,,,,,,,,,,,,,,,,,,,,,,,,,,,,,,,,,,
https://www.sports-reference.com/cfb/players/jajuan-dawson-1.html,1997,Tulane,CUSA,,WR,8.0,,,,,52.0,839.0,16.1,10.0,52.0,839.0,16.1,10.0,,,,,,,,,,,,,,,,,,,,,,,,,,,,,,,,,,,,,,,,,
https://www.sports-reference.com/cfb/players/jajuan-dawson-1.html,*1998,Tulane,CUSA,,WR,12.0,,,,,74.0,1030.0,13.9,12.0,74.0,1030.0,13.9,12.0,,,,,,,,,,,,,,,,,,,,,,,,,,,,,,,,,,,,,,,,,
https://www.sports-reference.com/cfb/players/jajuan-dawson-1.html,1999,Tulane,CUSA,,WR,10.0,1.0,3.0,3.0,0.0,96.0,1051.0,10.9,8.0,97.0,1054.0,10.9,8.0,,,,,,,,,,14.0,328.0,23.4,0.0,,,,,,,,,,,,,,,,,,,,,,,,,,,,
https://www.sports-reference.com/cfb/players/jajuan-dawson-1.html,Career,Tulane,,,,,1.0,3.0,3.0,0.0,240.0,3131.0,13.0,31.0,241.0,3134.0,13.0,31.0,,,,,,,,,,14.0,328.0,23.4,0.0,,,,,,,,,,,,,,,,,,,,,,,,,,,,
https://www.sports-reference.com/cfb/players/ron-dayne-1.html,*1996,Wisconsin,Big Ten,,RB,13.0,325.0,2109.0,6.5,21.0,14.0,133.0,9.5,0.0,339.0,2242.0,6.6,21.0,,,,,,,,,,,,,,,,,,,,,,,,,,,,,,,,,,,,,,,,,
https://www.sports-reference.com/cfb/players/ron-dayne-1.html,*1997,Wisconsin,Big Ten,,RB,11.0,263.0,1457.0,5.5,15.0,10.0,117.0,11.7,0.0,273.0,1574.0,5.8,15.0,,,,,,,,,,,,,,,,,,,,,,,,,,,,,,,,,,,,,,,,,
https://www.sports-reference.com/cfb/players/ron-dayne-1.html,*1998,Wisconsin,Big Ten,,RB,11.0,295.0,1525.0,5.2,15.0,6.0,45.0,7.5,0.0,301.0,1570.0,5.2,15.0,,,,,,,,,,,,,,,,,,,,,,,,,,,,,,,,,,,,,,,,,
https://www.sports-reference.com/cfb/players/ron-dayne-1.html,1999,Wisconsin,Big Ten,,RB,12.0,337.0,2034.0,6.0,20.0,1.0,9.0,9.0,0.0,338.0,2043.0,6.0,20.0,,,,,,,,,,,,,,,,,,,,,,,,,,,,,,,,,,,,,,,,,
https://www.sports-reference.com/cfb/players/ron-dayne-1.html,Career,Wisconsin,,,,,1220.0,7125.0,5.8,71.0,31.0,304.0,9.8,0.0,1251.0,7429.0,5.9,71.0,,,,,,,,,,,,,,,,,,,,,,,,,,,,,,,,,,,,,,,,,
https://www.sports-reference.com/cfb/players/reuben-droughns-1.html,*1998,Oregon,Pac-10,,RB,5.0,112.0,824.0,7.4,9.0,3.0,44.0,14.7,2.0,115.0,868.0,7.5,11.0,,,,,,,,,,,,,,,,,,,,,,,,,,,,,,,,,,,,,,,,,
https://www.sports-reference.com/cfb/players/reuben-droughns-1.html,*1999,Oregon,Pac-10,,RB,12.0,277.0,1234.0,4.5,9.0,17.0,163.0,9.6,1.0,294.0,1397.0,4.8,10.0,,,,,,,,,,,,,,,,,,,,,,,,,,,,,,,,,,,,,,,,,
https://www.sports-reference.com/cfb/players/reuben-droughns-1.html,Career,Oregon,,,,,389.0,2058.0,5.3,18.0,20.0,207.0,10.4,3.0,409.0,2265.0,5.5,21.0,,,,,,,,,,,,,,,,,,,,,,,,,,,,,,,,,,,,,,,,,
https://www.sports-reference.com/cfb/players/ron-dugans-1.html,1995,Florida State,ACC,,WR,11.0,,,,,14.0,157.0,11.2,0.0,14.0,157.0,11.2,0.0,,,,,,,,,,,,,,,,,,,,,,,,,,,,,,,,,,,,,,,,,
https://www.sports-reference.com/cfb/players/ron-dugans-1.html,1996,Florida State,ACC,,WR,11.0,,,,,7.0,66.0,9.4,1.0,7.0,66.0,9.4,1.0,,,,,,,,,,,,,,,,,,,,,,,,,,,,,,,,,,,,,,,,,
https://www.sports-reference.com/cfb/players/ron-dugans-1.html,1997,Florida State,ACC,,WR,2.0,,,,,3.0,37.0,12.3,0.0,3.0,37.0,12.3,0.0,,,,,,,,,,,,,,,,,,,,,,,,,,,,,,,,,,,,,,,,,
https://www.sports-reference.com/cfb/players/ron-dugans-1.html,1998,Florida State,ACC,,WR,12.0,,,,,38.0,616.0,16.2,3.0,38.0,616.0,16.2,3.0,,,,,,,,,,,,,,,,,,,,,,,,,,,,,,,,,,,,,,,,,
https://www.sports-reference.com/cfb/players/ron-dugans-1.html,1999,Florida State,ACC,,WR,10.0,,,,,43.0,644.0,15.0,3.0,43.0,644.0,15.0,3.0,,,,,,,,,,,,,,,,,,,,,,,,,,,,,,,,,,,,,,,,,
https://www.sports-reference.com/cfb/players/ron-dugans-1.html,Career,Florida State,,,,,,,,,105.0,1520.0,14.5,7.0,105.0,1520.0,14.5,7.0,,,,,,,,,,,,,,,,,,,,,,,,,,,,,,,,,,,,,,,,,
https://www.sports-reference.com/cfb/players/deon-dyer-1.html,1996,North Carolina,ACC,,RB,11.0,4.0,58.0,14.5,0.0,2.0,39.0,19.5,0.0,6.0,97.0,16.2,0.0,,,,,,,,,,,,,,,,,,,,,,,,,,,,,,,,,,,,,,,,,
https://www.sports-reference.com/cfb/players/deon-dyer-1.html,1997,North Carolina,ACC,,RB,11.0,25.0,90.0,3.6,1.0,5.0,31.0,6.2,0.0,30.0,121.0,4.0,1.0,,,,,,,,,,,,,,,,,,,,,,,,,,,,,,,,,,,,,,,,,
https://www.sports-reference.com/cfb/players/deon-dyer-1.html,1998,North Carolina,ACC,,RB,11.0,84.0,258.0,3.1,6.0,6.0,58.0,9.7,1.0,90.0,316.0,3.5,7.0,,,,,,,,,,,,,,,,,,,,,,,,,,,,,,,,,,,,,,,,,
https://www.sports-reference.com/cfb/players/deon-dyer-1.html,1999,North Carolina,ACC,,RB,11.0,73.0,233.0,3.2,2.0,7.0,55.0,7.9,1.0,80.0,288.0,3.6,3.0,,,,,,,,,,1.0,19.0,19.0,0.0,,,,,,,,,,,,,,,,,,,,,,,,,,,,
https://www.sports-reference.com/cfb/players/deon-dyer-1.html,Career,North Carolina,,,,,186.0,639.0,3.4,9.0,20.0,183.0,9.2,2.0,206.0,822.0,4.0,11.0,,,,,,,,,,1.0,19.0,19.0,0.0,,,,,,,,,,,,,,,,,,,,,,,,,,,,
https://www.sports-reference.com/cfb/players/mario-edwards-3.html,1995,Florida State,ACC,,DB,11.0,,,,,,,,,,,,,,,,,,,,,,,,,,1.0,24.0,24.0,1.0,,,,,,,,,,,,,,,,,,,,,,,,
https://www.sports-reference.com/cfb/players/mario-edwards-3.html,1998,Florida State,ACC,,DB,12.0,,,,,,,,,,,,,,,,,,,,,,,,,,,,,,,,,,,6.0,109.0,18.2,0.0,,,,,,,,,,,,,,,
https://www.sports-reference.com/cfb/players/mario-edwards-3.html,Career,Florida State,,,,,,,,,,,,,,,,,,,,,,,,,,,,,,1.0,24.0,24.0,1.0,,,,,,6.0,109.0,18.2,0.0,,,,,,,,,,,,,,,
https://www.sports-reference.com/cfb/players/john-engelberger-1.html,1997,Virginia Tech,Big East,,DL,10.0,,,,,,,,,0.0,0.0,,0.0,,,,,,,,,,,,,,,,,,,,,,,1.0,0.0,0.0,0.0,,,,,,,,,,,,,,,
https://www.sports-reference.com/cfb/players/john-engelberger-1.html,1998,Virginia Tech,Big East,,DL,11.0,,,,,1.0,13.0,13.0,0.0,1.0,13.0,13.0,0.0,,,,,,,,,,,,,,,,,,,,,,,,,,,,,,,,,,,,,,,,,
https://www.sports-reference.com/cfb/players/john-engelberger-1.html,Career,Virginia Tech,,,,,,,,,1.0,13.0,13.0,0.0,1.0,13.0,13.0,0.0,,,,,,,,,,,,,,,,,,,,,,,1.0,0.0,0.0,0.0,,,,,,,,,,,,,,,
https://www.sports-reference.com/cfb/players/danny-farmer-1.html,1996,UCLA,Pac-10,,WR,11.0,,,,,31.0,524.0,16.9,4.0,31.0,524.0,16.9,4.0,,,,,,,,,,,,,,,,,,,,,,,,,,,,,,,,,,,,,,,,,
https://www.sports-reference.com/cfb/players/danny-farmer-1.html,*1997,UCLA,Pac-10,,WR,12.0,,,,,41.0,649.0,15.8,3.0,41.0,649.0,15.8,3.0,,,,,,,,,,,,,,,,,,,,,,,,,,,,,,,,,,,,,,,,,
https://www.sports-reference.com/cfb/players/danny-farmer-1.html,*1998,UCLA,Pac-10,,WR,12.0,3.0,40.0,13.3,0.0,58.0,1274.0,22.0,9.0,61.0,1314.0,21.5,9.0,,,,,,,,,,,,,,,,,,,,,,,,,,,,,,,,,,,,,,,,,
https://www.sports-reference.com/cfb/players/danny-farmer-1.html,1999,UCLA,Pac-10,,WR,9.0,,,,,29.0,573.0,19.8,3.0,29.0,573.0,19.8,3.0,,,,,,,,,,,,,,,,,,,,,,,,,,,,,,,,,,,,,,,,,
https://www.sports-reference.com/cfb/players/danny-farmer-1.html,Career,UCLA,,,,,3.0,40.0,13.3,0.0,159.0,3020.0,19.0,19.0,162.0,3060.0,18.9,19.0,,,,,,,,,,,,,,,,,,,,,,,,,,,,,,,,,,,,,,,,,
https://www.sports-reference.com/cfb/players/zeron-flemister-1.html,1996,Iowa,Big Ten,,TE,7.0,,,,,5.0,66.0,13.2,0.0,5.0,66.0,13.2,0.0,,,,,,,,,,,,,,,,,,,,,,,,,,,,,,,,,,,,,,,,,
https://www.sports-reference.com/cfb/players/zeron-flemister-1.html,1998,Iowa,Big Ten,,TE,5.0,,,,,5.0,69.0,13.8,1.0,5.0,69.0,13.8,1.0,,,,,,,,,,,,,,,,,,,,,,,,,,,,,,,,,,,,,,,,,
https://www.sports-reference.com/cfb/players/zeron-flemister-1.html,1999,Iowa,Big Ten,,TE,7.0,,,,,9.0,104.0,11.6,0.0,9.0,104.0,11.6,0.0,,,,,,,,,,,,,,,,,,,,,,,,,,,,,,,,,,,,,,,,,
https://www.sports-reference.com/cfb/players/zeron-flemister-1.html,Career,Iowa,,,,,,,,,19.0,239.0,12.6,1.0,19.0,239.0,12.6,1.0,,,,,,,,,,,,,,,,,,,,,,,,,,,,,,,,,,,,,,,,,
https://www.sports-reference.com/cfb/players/larry-foster-1.html,1996,LSU,SEC,,WR,10.0,5.0,63.0,12.6,0.0,26.0,446.0,17.2,4.0,31.0,509.0,16.4,4.0,,,,,,,,,,,,,,,,,,,,,,,,,,,,,,,,,,,,,,,,,
https://www.sports-reference.com/cfb/players/larry-foster-1.html,1997,LSU,SEC,,WR,11.0,5.0,25.0,5.0,0.0,43.0,579.0,13.5,4.0,48.0,604.0,12.6,4.0,,,,,,,,,,1.0,25.0,25.0,0.0,11.0,40.0,3.6,0.0,,,,,,,,,,,,,,,,,,,,,,,,
https://www.sports-reference.com/cfb/players/larry-foster-1.html,1998,LSU,SEC,,WR,11.0,5.0,46.0,9.2,0.0,56.0,722.0,12.9,4.0,61.0,768.0,12.6,4.0,,,,,,,,,,1.0,7.0,7.0,0.0,7.0,60.0,8.6,1.0,,,,,,,,,,,,,,,,,,,,,,,,
https://www.sports-reference.com/cfb/players/larry-foster-1.html,1999,LSU,SEC,,PR,11.0,1.0,5.0,5.0,0.0,,,,,1.0,5.0,5.0,0.0,,,,,,,,,,,,,,2.0,31.0,15.5,0.0,,,,,,,,,,,,,,,,,,,,,,,,
https://www.sports-reference.com/cfb/players/larry-foster-1.html,Career,LSU,,,,,16.0,139.0,8.7,0.0,125.0,1747.0,14.0,12.0,141.0,1886.0,13.4,12.0,,,,,,,,,,2.0,32.0,16.0,0.0,20.0,131.0,6.6,1.0,,,,,,,,,,,,,,,,,,,,,,,,
https://www.sports-reference.com/cfb/players/bubba-franks-1.html,1997,Miami (FL),Big East,,TE,11.0,,,,,19.0,294.0,15.5,4.0,19.0,294.0,15.5,4.0,,,,,,,,,,,,,,,,,,,,,,,,,,,,,,,,,,,,,,,,,
https://www.sports-reference.com/cfb/players/bubba-franks-1.html,1998,Miami (FL),Big East,,TE,11.0,,,,,13.0,179.0,13.8,3.0,13.0,179.0,13.8,3.0,,,,,,,,,,2.0,31.0,15.5,0.0,,,,,,,,,,,,,,,,,,,,,,,,,,,,
https://www.sports-reference.com/cfb/players/bubba-franks-1.html,1999,Miami (FL),Big East,,TE,12.0,,,,,45.0,565.0,12.6,5.0,45.0,565.0,12.6,5.0,,,,,,,,,,,,,,,,,,,,,,,,,,,,,,,,,,,,,,,,,
https://www.sports-reference.com/cfb/players/bubba-franks-1.html,Career,Miami (FL),,,,,,,,,77.0,1038.0,13.5,12.0,77.0,1038.0,13.5,12.0,,,,,,,,,,2.0,31.0,15.5,0.0,,,,,,,,,,,,,,,,,,,,,,,,,,,,
https://www.sports-reference.com/cfb/players/mondriel-fulcher-1.html,*1996,Miami (FL),Big East,,TE,12.0,,,,,12.0,149.0,12.4,2.0,12.0,149.0,12.4,2.0,,,,,,,,,,,,,,,,,,,,,,,,,,,,,,,,,,,,,,,,,
https://www.sports-reference.com/cfb/players/mondriel-fulcher-1.html,1997,Miami (FL),Big East,,TE,9.0,,,,,5.0,87.0,17.4,0.0,5.0,87.0,17.4,0.0,,,,,,,,,,,,,,,,,,,,,,,,,,,,,,,,,,,,,,,,,
https://www.sports-reference.com/cfb/players/mondriel-fulcher-1.html,1998,Miami (FL),Big East,,TE,11.0,1.0,0.0,0.0,0.0,17.0,289.0,17.0,1.0,18.0,289.0,16.1,1.0,,,,,,,,,,,,,,,,,,,,,,,,,,,,,,,,,,,,,,,,,
https://www.sports-reference.com/cfb/players/mondriel-fulcher-1.html,1999,Miami (FL),Big East,,RB,12.0,3.0,10.0,3.3,0.0,13.0,131.0,10.1,1.0,16.0,141.0,8.8,1.0,,,,,,,,,,,,,,,,,,,,,,,,,,,,,,,,,,,,,,,,,
https://www.sports-reference.com/cfb/players/mondriel-fulcher-1.html,Career,Miami (FL),,,,,4.0,10.0,2.5,0.0,47.0,656.0,14.0,4.0,51.0,666.0,13.1,4.0,,,,,,,,,,,,,,,,,,,,,,,,,,,,,,,,,,,,,,,,,
https://www.sports-reference.com/cfb/players/trevor-gaylor-1.html,1996,Miami (OH),MAC,,WR,5.0,,,,,8.0,75.0,9.4,0.0,8.0,75.0,9.4,0.0,,,,,,,,,,,,,,,,,,,,,,,,,,,,,,,,,,,,,,,,,
https://www.sports-reference.com/cfb/players/trevor-gaylor-1.html,1997,Miami (OH),MAC,,WR,11.0,,,,,29.0,375.0,12.9,4.0,29.0,375.0,12.9,4.0,,,,,,,,,,,,,,,,,,,,,,,,,,,,,,,,,,,,,,,,,
https://www.sports-reference.com/cfb/players/trevor-gaylor-1.html,1998,Miami (OH),MAC,,WR,11.0,5.0,40.0,8.0,1.0,38.0,653.0,17.2,5.0,43.0,693.0,16.1,6.0,,,,,,,,,,,,,,1.0,16.0,16.0,0.0,,,,,,,,,,,,,,,,,,,,,,,,
https://www.sports-reference.com/cfb/players/trevor-gaylor-1.html,1999,Miami (OH),MAC,,WR,11.0,2.0,7.0,3.5,0.0,53.0,1028.0,19.4,11.0,55.0,1035.0,18.8,11.0,1.0,1.0,100.0,81.0,81.0,101.0,1.0,0.0,1110.4,,,,,,,,,,,,,,,,,,,,,,,,,,,,,,,,
https://www.sports-reference.com/cfb/players/trevor-gaylor-1.html,Career,Miami (OH),,,,,7.0,47.0,6.7,1.0,128.0,2131.0,16.6,20.0,135.0,2178.0,16.1,21.0,1.0,1.0,100.0,81.0,81.0,101.0,1.0,0.0,1110.4,,,,,1.0,16.0,16.0,0.0,,,,,,,,,,,,,,,,,,,,,,,,
https://www.sports-reference.com/cfb/players/ian-gold-1.html,1996,Michigan,Big Ten,,RB,7.0,4.0,13.0,3.3,0.0,,,,,4.0,13.0,3.3,0.0,,,,,,,,,,,,,,,,,,,,,,,,,,,,,,,,,,,,,,,,,
https://www.sports-reference.com/cfb/players/ian-gold-1.html,1999,Michigan,Big Ten,,LB,11.0,,,,,,,,,0.0,0.0,,0.0,,,,,,,,,,,,,,,,,,,,,,,1.0,17.0,17.0,0.0,,,,,,,,,,,,,,,
https://www.sports-reference.com/cfb/players/ian-gold-1.html,Career,Michigan,,,,,4.0,13.0,3.3,0.0,,,,,4.0,13.0,3.3,0.0,,,,,,,,,,,,,,,,,,,,,,,1.0,17.0,17.0,0.0,,,,,,,,,,,,,,,
https://www.sports-reference.com/cfb/players/deon-grant-1.html,1998,Tennessee,SEC,,DB,12.0,,,,,,,,,0.0,0.0,,0.0,,,,,,,,,,,,,,2.0,11.0,5.5,0.0,,,,,,5.0,79.0,15.8,0.0,,,,,,,,,,,,,,,
https://www.sports-reference.com/cfb/players/deon-grant-1.html,1999,Tennessee,SEC,,DB,11.0,,,,,1.0,-4.0,-4.0,0.0,1.0,-4.0,-4.0,0.0,,,,,,,,,,,,,,1.0,1.0,1.0,0.0,,,,,,9.0,167.0,18.6,1.0,,,,,,,,,,,,,,,
https://www.sports-reference.com/cfb/players/deon-grant-1.html,Career,Tennessee,,,,,,,,,1.0,-4.0,-4.0,0.0,1.0,-4.0,-4.0,0.0,,,,,,,,,,,,,,3.0,12.0,4.0,0.0,,,,,,14.0,246.0,17.6,1.0,,,,,,,,,,,,,,,
https://www.sports-reference.com/cfb/players/mike-green-4.html,1998,Houston,CUSA,,RB,11.0,101.0,435.0,4.3,3.0,3.0,68.0,22.7,0.0,104.0,503.0,4.8,3.0,,,,,,,,,,2.0,35.0,17.5,0.0,,,,,,,,,,,,,,,,,,,,,,,,,,,,
https://www.sports-reference.com/cfb/players/mike-green-4.html,1999,Houston,CUSA,,RB,10.0,142.0,838.0,5.9,8.0,6.0,46.0,7.7,0.0,148.0,884.0,6.0,8.0,,,,,,,,,,3.0,62.0,20.7,0.0,,,,,,,,,,,,,,,,,,,,,,,,,,,,
https://www.sports-reference.com/cfb/players/mike-green-4.html,Career,Houston,,,,,243.0,1273.0,5.2,11.0,9.0,114.0,12.7,0.0,252.0,1387.0,5.5,11.0,,,,,,,,,,5.0,97.0,19.4,0.0,,,,,,,,,,,,,,,,,,,,,,,,,,,,
https://www.sports-reference.com/cfb/players/barrett-green-1.html,*1997,West Virginia,Big East,,DB,12.0,1.0,-6.0,-6.0,0.0,,,,,1.0,-6.0,-6.0,0.0,,,,,,,,,,,,,,,,,,,,,,,4.0,143.0,35.8,1.0,,,,,,,,,,,,,,,
https://www.sports-reference.com/cfb/players/barrett-green-1.html,*1998,West Virginia,Big East,,LB,12.0,,,,,,,,,0.0,0.0,,0.0,,,,,,,,,,,,,,,,,,,,,,,1.0,11.0,11.0,0.0,,,,,,,,,,,,,,,
https://www.sports-reference.com/cfb/players/barrett-green-1.html,Career,West Virginia,,,,,1.0,-6.0,-6.0,0.0,,,,,1.0,-6.0,-6.0,0.0,,,,,,,,,,,,,,,,,,,,,,,5.0,154.0,30.8,1.0,,,,,,,,,,,,,,,
https://www.sports-reference.com/cfb/players/troy-hambrick-1.html,1996,South Carolina,SEC,,RB,11.0,43.0,281.0,6.5,5.0,,,,,43.0,281.0,6.5,5.0,,,,,,,,,,,,,,,,,,,,,,,,,,,,,,,,,,,,,,,,,
https://www.sports-reference.com/cfb/players/troy-hambrick-1.html,1997,South Carolina,SEC,,RB,11.0,115.0,604.0,5.3,5.0,18.0,143.0,7.9,0.0,133.0,747.0,5.6,5.0,,,,,,,,,,,,,,,,,,,,,,,,,,,,,,,,,,,,,,,,,
https://www.sports-reference.com/cfb/players/troy-hambrick-1.html,1998,South Carolina,SEC,,RB,10.0,144.0,701.0,4.9,4.0,22.0,166.0,7.5,0.0,166.0,867.0,5.2,4.0,,,,,,,,,,1.0,47.0,47.0,0.0,,,,,,,,,,,,,,,,,,,,,,,,,,,,
https://www.sports-reference.com/cfb/players/troy-hambrick-1.html,Career,South Carolina,,,,,302.0,1586.0,5.3,14.0,40.0,309.0,7.7,0.0,342.0,1895.0,5.5,14.0,,,,,,,,,,1.0,47.0,47.0,0.0,,,,,,,,,,,,,,,,,,,,,,,,,,,,
https://www.sports-reference.com/cfb/players/joe-hamilton-1.html,1996,Georgia Tech,ACC,,QB,10.0,95.0,248.0,2.6,3.0,,,,,95.0,248.0,2.6,3.0,108.0,188.0,57.4,1342.0,7.1,4.8,7.0,13.0,115.9,,,,,,,,,,,,,,,,,,,,,,,,,,,,,,,,
https://www.sports-reference.com/cfb/players/joe-hamilton-1.html,1997,Georgia Tech,ACC,,QB,11.0,140.0,478.0,3.4,5.0,,,,,140.0,478.0,3.4,5.0,173.0,268.0,64.6,2314.0,8.6,8.4,12.0,7.0,146.6,,,,,,,,,,,,,,,,,,,,,,,,,,,,,,,,
https://www.sports-reference.com/cfb/players/joe-hamilton-1.html,1998,Georgia Tech,ACC,,QB,11.0,112.0,298.0,2.7,4.0,,,,,112.0,298.0,2.7,4.0,145.0,259.0,56.0,2166.0,8.4,8.3,17.0,8.0,141.7,,,,,,,,,,,,,,,,,,,,,,,,,,,,,,,,
https://www.sports-reference.com/cfb/players/joe-hamilton-1.html,1999,Georgia Tech,ACC,,QB,11.0,154.0,734.0,4.8,6.0,,,,,154.0,734.0,4.8,6.0,203.0,305.0,66.6,3060.0,10.0,10.3,29.0,11.0,175.0,,,,,,,,,,,,,,,,,,,,,,,,,,,,,,,,
https://www.sports-reference.com/cfb/players/joe-hamilton-1.html,Career,Georgia Tech,,,,,501.0,1758.0,3.5,18.0,,,,,501.0,1758.0,3.5,18.0,629.0,1020.0,61.7,8882.0,8.7,8.3,65.0,39.0,148.2,,,,,,,,,,,,,,,,,,,,,,,,,,,,,,,,
https://www.sports-reference.com/cfb/players/lloyd-harrison-1.html,1998,North Carolina State,ACC,,DB,11.0,,,,,,,,,0.0,0.0,,0.0,,,,,,,,,,1.0,23.0,23.0,0.0,,,,,,,,,,7.0,51.0,7.3,0.0,,,,,,,,,,,,,,,
https://www.sports-reference.com/cfb/players/lloyd-harrison-1.html,1999,North Carolina State,ACC,,DB,12.0,,,,,1.0,36.0,36.0,0.0,1.0,36.0,36.0,0.0,,,,,,,,,,,,,,,,,,,,,,,5.0,0.0,0.0,0.0,,,,,,,,,,,,,,,
https://www.sports-reference.com/cfb/players/lloyd-harrison-1.html,Career,North Carolina State,,,,,,,,,1.0,36.0,36.0,0.0,1.0,36.0,36.0,0.0,,,,,,,,,,1.0,23.0,23.0,0.0,,,,,,,,,,12.0,51.0,4.3,0.0,,,,,,,,,,,,,,,
https://www.sports-reference.com/cfb/players/windrell-hayes-1.html,1995,San Jose State,Big West,,WR,11.0,4.0,38.0,9.5,0.0,39.0,535.0,13.7,5.0,43.0,573.0,13.3,5.0,,,,,,,,,,,,,,,,,,,,,,,,,,,,,,,,,,,,,,,,,
https://www.sports-reference.com/cfb/players/windrell-hayes-1.html,1996,San Jose State,WAC,,WR,12.0,2.0,-15.0,-7.5,0.0,58.0,848.0,14.6,4.0,60.0,833.0,13.9,4.0,,,,,,,,,,,,,,1.0,3.0,3.0,0.0,,,,,,,,,,,,,,,,,,,,,,,,
https://www.sports-reference.com/cfb/players/windrell-hayes-1.html,*1998,USC,Pac-10,,WR,12.0,,,,,24.0,340.0,14.2,2.0,24.0,340.0,14.2,2.0,,,,,,,,,,,,,,,,,,,,,,,,,,,,,,,,,,,,,,,,,
https://www.sports-reference.com/cfb/players/windrell-hayes-1.html,1999,USC,Pac-10,,WR,10.0,,,,,55.0,720.0,13.1,4.0,55.0,720.0,13.1,4.0,,,,,,,,,,,,,,,,,,,,,,,,,,,,,,,,,,,,,,,,,
https://www.sports-reference.com/cfb/players/windrell-hayes-1.html,Career,Overall,,,,,6.0,23.0,3.8,0.0,176.0,2443.0,13.9,15.0,182.0,2466.0,13.5,15.0,,,,,,,,,,,,,,1.0,3.0,3.0,0.0,,,,,,,,,,,,,,,,,,,,,,,,
https://www.sports-reference.com/cfb/players/windrell-hayes-1.html,,San Jose State,,,,,6.0,23.0,3.8,0.0,97.0,1383.0,14.3,9.0,103.0,1406.0,13.7,9.0,,,,,,,,,,,,,,1.0,3.0,3.0,0.0,,,,,,,,,,,,,,,,,,,,,,,,
https://www.sports-reference.com/cfb/players/windrell-hayes-1.html,,USC,,,,,,,,,79.0,1060.0,13.4,6.0,79.0,1060.0,13.4,6.0,,,,,,,,,,,,,,,,,,,,,,,,,,,,,,,,,,,,,,,,,
https://www.sports-reference.com/cfb/players/todd-husak-1.html,1996,Stanford,Pac-10,,QB,4.0,9.0,-43.0,-4.8,0.0,,,,,9.0,-43.0,-4.8,0.0,19.0,39.0,48.7,202.0,5.2,3.4,1.0,2.0,90.4,,,,,,,,,,,,,,,,,,,,,,,,,,,,,,,,
https://www.sports-reference.com/cfb/players/todd-husak-1.html,1997,Stanford,Pac-10,,QB,11.0,12.0,-30.0,-2.5,0.0,,,,,12.0,-30.0,-2.5,0.0,37.0,78.0,47.4,582.0,7.5,6.4,5.0,4.0,121.0,,,,,,,,,,,,,,,,,,,,,,,,,,,,,,,,
https://www.sports-reference.com/cfb/players/todd-husak-1.html,1998,Stanford,Pac-10,,QB,11.0,48.0,-66.0,-1.4,0.0,,,,,48.0,-66.0,-1.4,0.0,233.0,447.0,52.1,3092.0,6.9,7.0,17.0,7.0,119.6,,,,,,,,,,,,,,,,,,,,,,,,,,,,,,,,
https://www.sports-reference.com/cfb/players/todd-husak-1.html,1999,Stanford,Pac-10,,QB,10.0,30.0,3.0,0.1,3.0,,,,,30.0,3.0,0.1,3.0,176.0,308.0,57.1,2688.0,8.7,8.3,18.0,11.0,142.6,,,,,,,,,,,,,,,,,,,,,,,,,,,,,,,,
https://www.sports-reference.com/cfb/players/todd-husak-1.html,Career,Stanford,,,,,99.0,-136.0,-1.4,3.0,,,,,99.0,-136.0,-1.4,3.0,465.0,872.0,53.3,6564.0,7.5,7.2,41.0,24.0,126.6,,,,,,,,,,,,,,,,,,,,,,,,,,,,,,,,
https://www.sports-reference.com/cfb/players/trevor-insley-1.html,1996,Nevada,Big West,,WR,11.0,,,,,36.0,574.0,15.9,5.0,36.0,574.0,15.9,5.0,,,,,,,,,,2.0,51.0,25.5,0.0,3.0,65.0,21.7,0.0,,,,,,,,,,,,,,,,,,,,,,,,
https://www.sports-reference.com/cfb/players/trevor-insley-1.html,1997,Nevada,Big West,,WR,11.0,1.0,-2.0,-2.0,0.0,59.0,1151.0,19.5,6.0,60.0,1149.0,19.2,6.0,,,,,,,,,,6.0,100.0,16.7,0.0,,,,,,,,,,,,,,,,,,,,,,,,,,,,
https://www.sports-reference.com/cfb/players/trevor-insley-1.html,1998,Nevada,Big West,,WR,11.0,1.0,-20.0,-20.0,0.0,69.0,1220.0,17.7,11.0,70.0,1200.0,17.1,11.0,,,,,,,,,,,,,,,,,,,,,,,,,,,,,,,,,,,,,,,,,
https://www.sports-reference.com/cfb/players/trevor-insley-1.html,1999,Nevada,Big West,,WR,11.0,1.0,5.0,5.0,0.0,134.0,2060.0,15.4,13.0,135.0,2065.0,15.3,13.0,,,,,,,,,,,,,,13.0,111.0,8.5,0.0,,,,,,,,,,,,,,,,,,,,,,,,
https://www.sports-reference.com/cfb/players/trevor-insley-1.html,Career,Nevada,,,,,3.0,-17.0,-5.7,0.0,298.0,5005.0,16.8,35.0,301.0,4988.0,16.6,35.0,,,,,,,,,,8.0,151.0,18.9,0.0,16.0,176.0,11.0,0.0,,,,,,,,,,,,,,,,,,,,,,,,
https://www.sports-reference.com/cfb/players/jarious-jackson-1.html,1996,Notre Dame,Ind,,QB,6.0,11.0,16.0,1.5,0.0,,,,,11.0,16.0,1.5,0.0,10.0,15.0,66.7,181.0,12.1,16.1,3.0,0.0,234.0,,,,,,,,,,,,,,,,,,,,,,,,,,,,,,,,
https://www.sports-reference.com/cfb/players/jarious-jackson-1.html,1997,Notre Dame,Ind,,QB,7.0,8.0,36.0,4.5,3.0,,,,,8.0,36.0,4.5,3.0,8.0,17.0,47.1,146.0,8.6,7.1,1.0,1.0,126.8,1.0,40.0,40.0,1.0,,,,,,,,,,,,,,,,,,,,,,,,,,,,
https://www.sports-reference.com/cfb/players/jarious-jackson-1.html,*1998,Notre Dame,Ind,,QB,11.0,113.0,441.0,3.9,3.0,,,,,113.0,441.0,3.9,3.0,104.0,188.0,55.3,1740.0,9.3,9.2,13.0,6.0,149.5,,,,,,,,,,,,,,,,,,,,,,,,,,,,,,,,
https://www.sports-reference.com/cfb/players/jarious-jackson-1.html,1999,Notre Dame,Ind,,QB,12.0,140.0,464.0,3.3,7.0,,,,,140.0,464.0,3.3,7.0,184.0,316.0,58.2,2753.0,8.7,7.8,17.0,14.0,140.3,,,,,,,,,,,,,,,,,,,,,,,,,,,,,,,,
https://www.sports-reference.com/cfb/players/jarious-jackson-1.html,Career,Notre Dame,,,,,272.0,957.0,3.5,13.0,,,,,272.0,957.0,3.5,13.0,306.0,536.0,57.1,4820.0,9.0,8.5,34.0,21.0,145.7,1.0,40.0,40.0,1.0,,,,,,,,,,,,,,,,,,,,,,,,,,,,
https://www.sports-reference.com/cfb/players/sebastian-janikowski-1.html,1997,Florida State,ACC,,K,11.0,,,,,,,,,,,,,,,,,,,,,,,,,,,,,,,,,,,,,,,,,,,,,,,37.0,39.0,94.9,16.0,21.0,76.2,85.0
https://www.sports-reference.com/cfb/players/sebastian-janikowski-1.html,1998,Florida State,ACC,,K,12.0,,,,,,,,,,,,,,,,,,,,,,,,,,,,,,,,,,,,,,,,,,,,,,,42.0,43.0,97.7,27.0,32.0,84.4,123.0
https://www.sports-reference.com/cfb/players/sebastian-janikowski-1.html,1999,Florida State,ACC,,K,11.0,,,,,,,,,,,,,,,,,,,,,,,,,,,,,,,,,,,,,,,,,,,,,,,47.0,47.0,100.0,23.0,30.0,76.7,116.0
https://www.sports-reference.com/cfb/players/sebastian-janikowski-1.html,Career,Florida State,,,,,,,,,,,,,,,,,,,,,,,,,,,,,,,,,,,,,,,,,,,,,,,,,,,126.0,129.0,97.7,66.0,83.0,79.5,324.0
https://www.sports-reference.com/cfb/players/ronney-jenkins-1.html,1996,Brigham Young,WAC,,RB,14.0,128.0,733.0,5.7,11.0,14.0,189.0,13.5,3.0,142.0,922.0,6.5,14.0,,,,,,,,,,15.0,419.0,27.9,0.0,,,,,,,,,,,,,,,,,,,,,,,,,,,,
https://www.sports-reference.com/cfb/players/ronney-jenkins-1.html,1998,Brigham Young,WAC,,RB,13.0,252.0,1307.0,5.2,13.0,34.0,349.0,10.3,2.0,286.0,1656.0,5.8,15.0,,,,,,,,,,4.0,91.0,22.8,0.0,,,,,,,,,,,,,,,,,,,,,,,,,,,,
https://www.sports-reference.com/cfb/players/ronney-jenkins-1.html,Career,Brigham Young,,,,,380.0,2040.0,5.4,24.0,48.0,538.0,11.2,5.0,428.0,2578.0,6.0,29.0,,,,,,,,,,19.0,510.0,26.8,0.0,,,,,,,,,,,,,,,,,,,,,,,,,,,,
https://www.sports-reference.com/cfb/players/doug-johnson-3.html,1996,Florida,SEC,,QB,7.0,3.0,-10.0,-3.3,0.0,,,,,3.0,-10.0,-3.3,0.0,12.0,27.0,44.4,171.0,6.3,2.8,2.0,3.0,99.9,,,,,,,,,,,,,,,,,,,,,,,,,,,,,,,,
https://www.sports-reference.com/cfb/players/doug-johnson-3.html,1997,Florida,SEC,,QB,9.0,38.0,-185.0,-4.9,1.0,1.0,18.0,18.0,0.0,39.0,-167.0,-4.3,1.0,148.0,269.0,55.0,2023.0,7.5,7.1,21.0,12.0,135.0,,,,,,,,,,,,,,,,,,,,,,,,,,,,,,,,
https://www.sports-reference.com/cfb/players/doug-johnson-3.html,1998,Florida,SEC,,QB,10.0,29.0,-66.0,-2.3,1.0,1.0,10.0,10.0,1.0,30.0,-56.0,-1.9,2.0,154.0,274.0,56.2,2346.0,8.6,8.6,19.0,8.0,145.2,,,,,,,,,,,,,,,,,,,,,,,,,,,,,,,,
https://www.sports-reference.com/cfb/players/doug-johnson-3.html,1999,Florida,SEC,,QB,11.0,30.0,-111.0,-3.7,1.0,,,,,30.0,-111.0,-3.7,1.0,190.0,337.0,56.4,2574.0,7.6,7.1,20.0,13.0,132.4,,,,,,,,,,,,,,,,,,,,,,,,,,,,,,,,
https://www.sports-reference.com/cfb/players/doug-johnson-3.html,Career,Florida,,,,,100.0,-372.0,-3.7,3.0,2.0,28.0,14.0,1.0,102.0,-344.0,-3.4,4.0,504.0,907.0,55.6,7114.0,7.8,7.4,62.0,36.0,136.1,,,,,,,,,,,,,,,,,,,,,,,,,,,,,,,,
https://www.sports-reference.com/cfb/players/thomas-jones-1.html,1996,Virginia,ACC,,RB,11.0,36.0,205.0,5.7,4.0,4.0,26.0,6.5,0.0,40.0,231.0,5.8,4.0,,,,,,,,,,,,,,1.0,11.0,11.0,0.0,,,,,,,,,,,,,,,,,,,,,,,,
https://www.sports-reference.com/cfb/players/thomas-jones-1.html,1997,Virginia,ACC,,RB,11.0,201.0,692.0,3.4,4.0,17.0,127.0,7.5,1.0,218.0,819.0,3.8,5.0,0.0,1.0,0.0,0.0,0.0,0.0,0.0,0.0,0.0,1.0,20.0,20.0,0.0,3.0,41.0,13.7,0.0,,,,,,,,,,,,,,,,,,,,,,,,
https://www.sports-reference.com/cfb/players/thomas-jones-1.html,1998,Virginia,ACC,,RB,11.0,238.0,1303.0,5.5,13.0,28.0,179.0,6.4,2.0,266.0,1482.0,5.6,15.0,,,,,,,,,,1.0,27.0,27.0,0.0,1.0,13.0,13.0,0.0,,,,,,,,,,,,,,,,,,,,,,,,
https://www.sports-reference.com/cfb/players/thomas-jones-1.html,1999,Virginia,ACC,,RB,11.0,334.0,1798.0,5.4,16.0,22.0,239.0,10.9,1.0,356.0,2037.0,5.7,17.0,0.0,2.0,0.0,0.0,0.0,0.0,0.0,0.0,0.0,,,,,2.0,17.0,8.5,0.0,,,,,,,,,,,,,,,,,,,,,,,,
https://www.sports-reference.com/cfb/players/thomas-jones-1.html,Career,Virginia,,,,,809.0,3998.0,4.9,37.0,71.0,571.0,8.0,4.0,880.0,4569.0,5.2,41.0,0.0,3.0,0.0,0.0,0.0,0.0,0.0,0.0,0.0,2.0,47.0,23.5,0.0,7.0,82.0,11.7,0.0,,,,,,,,,,,,,,,,,,,,,,,,
https://www.sports-reference.com/cfb/players/john-jones-2.html,1994,Pitt,Big East,,TE,9.0,,,,,4.0,60.0,15.0,0.0,4.0,60.0,15.0,0.0,,,,,,,,,,,,,,,,,,,,,,,,,,,,,,,,,,,,,,,,,
https://www.sports-reference.com/cfb/players/john-jones-2.html,1996,Pitt,Big East,,TE,11.0,,,,,21.0,263.0,12.5,1.0,21.0,263.0,12.5,1.0,,,,,,,,,,,,,,,,,,,,,,,,,,,,,,,,,,,,,,,,,
https://www.sports-reference.com/cfb/players/john-jones-2.html,1997,Pitt,Big East,,TE,9.0,,,,,4.0,41.0,10.3,2.0,4.0,41.0,10.3,2.0,,,,,,,,,,1.0,10.0,10.0,0.0,,,,,,,,,,,,,,,,,,,,,,,,,,,,
https://www.sports-reference.com/cfb/players/john-jones-2.html,Career,Pitt,,,,,,,,,29.0,364.0,12.6,3.0,29.0,364.0,12.6,3.0,,,,,,,,,,1.0,10.0,10.0,0.0,,,,,,,,,,,,,,,,,,,,,,,,,,,,
https://www.sports-reference.com/cfb/players/curtis-keaton-1.html,1995,West Virginia,Big East,,RB,7.0,28.0,136.0,4.9,0.0,,,,,28.0,136.0,4.9,0.0,,,,,,,,,,,,,,,,,,,,,,,,,,,,,,,,,,,,,,,,,
https://www.sports-reference.com/cfb/players/curtis-keaton-1.html,*1997,West Virginia,Big East,,RB,11.0,60.0,268.0,4.5,3.0,,,,,60.0,268.0,4.5,3.0,,,,,,,,,,9.0,179.0,19.9,0.0,,,,,,,,,,,,,,,,,,,,,,,,,,,,
https://www.sports-reference.com/cfb/players/curtis-keaton-1.html,Career,West Virginia,,,,,88.0,404.0,4.6,3.0,,,,,88.0,404.0,4.6,3.0,,,,,,,,,,9.0,179.0,19.9,0.0,,,,,,,,,,,,,,,,,,,,,,,,,,,,
https://www.sports-reference.com/cfb/players/ben-kelly-1.html,1997,Colorado,Big 12,,DB,11.0,,,,,,,,,0.0,0.0,,0.0,,,,,,,,,,25.0,777.0,31.1,1.0,,,,,,,,,,2.0,47.0,23.5,0.0,,,,,,,,,,,,,,,
https://www.sports-reference.com/cfb/players/ben-kelly-1.html,1998,Colorado,Big 12,,DB,11.0,,,,,,,,,0.0,0.0,,0.0,,,,,,,,,,20.0,474.0,23.7,0.0,11.0,229.0,20.8,2.0,,,,,,4.0,1.0,0.3,0.0,,,,,,,,,,,,,,,
https://www.sports-reference.com/cfb/players/ben-kelly-1.html,1999,Colorado,Big 12,,DB,11.0,1.0,3.0,3.0,0.0,1.0,9.0,9.0,0.0,2.0,12.0,6.0,0.0,,,,,,,,,,19.0,547.0,28.8,2.0,28.0,166.0,5.9,0.0,,,,,,5.0,49.0,9.8,0.0,,,,,,,,,,,,,,,
https://www.sports-reference.com/cfb/players/ben-kelly-1.html,Career,Colorado,,,,,1.0,3.0,3.0,0.0,1.0,9.0,9.0,0.0,2.0,12.0,6.0,0.0,,,,,,,,,,64.0,1798.0,28.1,3.0,39.0,395.0,10.1,2.0,,,,,,11.0,97.0,8.8,0.0,,,,,,,,,,,,,,,
https://www.sports-reference.com/cfb/players/kenoy-kennedy-1.html,1998,Arkansas,SEC,,DB,11.0,1.0,1.0,1.0,0.0,,,,,1.0,1.0,1.0,0.0,,,,,,,,,,,,,,,,,,,,,,,2.0,90.0,45.0,0.0,,,,,,,,,,,,,,,
https://www.sports-reference.com/cfb/players/kenoy-kennedy-1.html,1999,Arkansas,SEC,,DB,11.0,,,,,,,,,0.0,0.0,,0.0,,,,,,,,,,,,,,,,,,,,,,,3.0,97.0,32.3,0.0,,,,,,,,,,,,,,,
https://www.sports-reference.com/cfb/players/kenoy-kennedy-1.html,Career,Arkansas,,,,,1.0,1.0,1.0,0.0,,,,,1.0,1.0,1.0,0.0,,,,,,,,,,,,,,,,,,,,,,,5.0,187.0,37.4,0.0,,,,,,,,,,,,,,,
https://www.sports-reference.com/cfb/players/erron-kinney-1.html,1996,Florida,SEC,,TE,11.0,,,,,3.0,40.0,13.3,0.0,3.0,40.0,13.3,0.0,,,,,,,,,,,,,,,,,,,,,,,,,,,,,,,,,,,,,,,,,
https://www.sports-reference.com/cfb/players/erron-kinney-1.html,1997,Florida,SEC,,TE,11.0,,,,,12.0,162.0,13.5,1.0,12.0,162.0,13.5,1.0,,,,,,,,,,,,,,,,,,,,,,,,,,,,,,,,,,,,,,,,,
https://www.sports-reference.com/cfb/players/erron-kinney-1.html,1998,Florida,SEC,,TE,11.0,,,,,8.0,79.0,9.9,3.0,8.0,79.0,9.9,3.0,,,,,,,,,,,,,,,,,,,,,,,,,,,,,,,,,,,,,,,,,
https://www.sports-reference.com/cfb/players/erron-kinney-1.html,1999,Florida,SEC,,TE,11.0,,,,,16.0,226.0,14.1,1.0,16.0,226.0,14.1,1.0,,,,,,,,,,,,,,,,,,,,,,,,,,,,,,,,,,,,,,,,,
https://www.sports-reference.com/cfb/players/erron-kinney-1.html,Career,Florida,,,,,,,,,39.0,507.0,13.0,5.0,39.0,507.0,13.0,5.0,,,,,,,,,,,,,,,,,,,,,,,,,,,,,,,,,,,,,,,,,
https://www.sports-reference.com/cfb/players/marcus-knight-1.html,1996,Michigan,Big Ten,,WR,9.0,,,,,1.0,40.0,40.0,1.0,1.0,40.0,40.0,1.0,,,,,,,,,,,,,,,,,,,,,,,,,,,,,,,,,,,,,,,,,
https://www.sports-reference.com/cfb/players/marcus-knight-1.html,1997,Michigan,Big Ten,,WR,11.0,,,,,3.0,30.0,10.0,0.0,3.0,30.0,10.0,0.0,,,,,,,,,,,,,,,,,,,,,,,,,,,,,,,,,,,,,,,,,
https://www.sports-reference.com/cfb/players/marcus-knight-1.html,1998,Michigan,Big Ten,,WR,12.0,2.0,4.0,2.0,0.0,41.0,597.0,14.6,1.0,43.0,601.0,14.0,1.0,,,,,,,,,,,,,,18.0,153.0,8.5,0.0,,,,,,,,,,,,,,,,,,,,,,,,
https://www.sports-reference.com/cfb/players/marcus-knight-1.html,1999,Michigan,Big Ten,,WR,11.0,,,,,36.0,766.0,21.3,6.0,36.0,766.0,21.3,6.0,,,,,,,,,,,,,,14.0,39.0,2.8,0.0,,,,,,,,,,,,,,,,,,,,,,,,
https://www.sports-reference.com/cfb/players/marcus-knight-1.html,Career,Michigan,,,,,2.0,4.0,2.0,0.0,81.0,1433.0,17.7,8.0,83.0,1437.0,17.3,8.0,,,,,,,,,,,,,,32.0,192.0,6.0,0.0,,,,,,,,,,,,,,,,,,,,,,,,
https://www.sports-reference.com/cfb/players/shane-lechler-1.html,1996,Texas A&M,Big 12,,P,12.0,,,,,,,,,0.0,0.0,,0.0,,,,,,,,,,,,,,,,,,,,,,,,,,,,,,,,72.0,3074.0,42.7,,,,,,,
https://www.sports-reference.com/cfb/players/shane-lechler-1.html,1997,Texas A&M,Big 12,,P,12.0,,,,,,,,,0.0,0.0,,0.0,0.0,1.0,0.0,0.0,0.0,0.0,0.0,0.0,0.0,,,,,,,,,,,,,,,,,,,,,,,56.0,2631.0,47.0,,,,,,,
https://www.sports-reference.com/cfb/players/shane-lechler-1.html,1998,Texas A&M,Big 12,,P,13.0,,,,,,,,,0.0,0.0,,0.0,2.0,2.0,100.0,37.0,18.5,28.5,1.0,0.0,420.4,,,,,,,,,,,,,,,,,,,,,,,80.0,3485.0,43.6,,,,0.0,1.0,0.0,
https://www.sports-reference.com/cfb/players/shane-lechler-1.html,1999,Texas A&M,Big 12,,K,11.0,1.0,22.0,22.0,0.0,,,,,1.0,22.0,22.0,0.0,,,,,,,,,,,,,,,,,,,,,,,,,,,,,,,,60.0,2787.0,46.5,6.0,8.0,75.0,1.0,1.0,100.0,9.0
https://www.sports-reference.com/cfb/players/shane-lechler-1.html,Career,Texas A&M,,,,,1.0,22.0,22.0,0.0,,,,,1.0,22.0,22.0,0.0,2.0,3.0,66.7,37.0,12.3,19.0,1.0,0.0,280.3,,,,,,,,,,,,,,,,,,,,,,,268.0,11977.0,44.7,6.0,8.0,75.0,1.0,2.0,50.0,9.0
https://www.sports-reference.com/cfb/players/charles-lee-1.html,1997,UCF,Ind,,WR,11.0,,,,,29.0,460.0,15.9,6.0,29.0,460.0,15.9,6.0,,,,,,,,,,,,,,,,,,,,,,,,,,,,,,,,,,,,,,,,,
https://www.sports-reference.com/cfb/players/charles-lee-1.html,1998,UCF,Ind,,WR,11.0,,,,,46.0,656.0,14.3,3.0,46.0,656.0,14.3,3.0,,,,,,,,,,,,,,,,,,,,,,,,,,,,,,,,,,,,,,,,,
https://www.sports-reference.com/cfb/players/charles-lee-1.html,1999,UCF,Ind,,WR,11.0,1.0,2.0,2.0,0.0,87.0,1133.0,13.0,5.0,88.0,1135.0,12.9,5.0,,,,,,,,,,,,,,,,,,,,,,,,,,,,,,,,,,,,,,,,,
https://www.sports-reference.com/cfb/players/charles-lee-1.html,Career,UCF,,,,,1.0,2.0,2.0,0.0,162.0,2249.0,13.9,14.0,163.0,2251.0,13.8,14.0,,,,,,,,,,,,,,,,,,,,,,,,,,,,,,,,,,,,,,,,,
https://www.sports-reference.com/cfb/players/jamal-lewis-2.html,1997,Tennessee,SEC,,RB,12.0,232.0,1364.0,5.9,7.0,23.0,266.0,11.6,2.0,255.0,1630.0,6.4,9.0,1.0,1.0,100.0,10.0,10.0,10.0,0.0,0.0,184.0,,,,,,,,,,,,,,,,,,,,,,,,,,,,,,,,
https://www.sports-reference.com/cfb/players/jamal-lewis-2.html,1998,Tennessee,SEC,,RB,5.0,73.0,497.0,6.8,3.0,1.0,16.0,16.0,1.0,74.0,513.0,6.9,4.0,,,,,,,,,,,,,,,,,,,,,,,,,,,,,,,,,,,,,,,,,
https://www.sports-reference.com/cfb/players/jamal-lewis-2.html,1999,Tennessee,SEC,,RB,10.0,182.0,816.0,4.5,7.0,15.0,193.0,12.9,1.0,197.0,1009.0,5.1,8.0,,,,,,,,,,,,,,,,,,,,,,,,,,,,,,,,,,,,,,,,,
https://www.sports-reference.com/cfb/players/jamal-lewis-2.html,Career,Tennessee,,,,,487.0,2677.0,5.5,17.0,39.0,475.0,12.2,4.0,526.0,3152.0,6.0,21.0,1.0,1.0,100.0,10.0,10.0,10.0,0.0,0.0,184.0,,,,,,,,,,,,,,,,,,,,,,,,,,,,,,,,
https://www.sports-reference.com/cfb/players/anthony-malbrough-1.html,1997,Texas Tech,Big 12,,WR,4.0,8.0,37.0,4.6,0.0,1.0,9.0,9.0,0.0,9.0,46.0,5.1,0.0,,,,,,,,,,2.0,31.0,15.5,0.0,,,,,,,,,,,,,,,,,,,,,,,,,,,,
https://www.sports-reference.com/cfb/players/anthony-malbrough-1.html,1998,Texas Tech,Big 12,,DB,11.0,,,,,,,,,0.0,0.0,,0.0,,,,,,,,,,,,,,,,,,,,,,,1.0,0.0,0.0,0.0,,,,,,,,,,,,,,,
https://www.sports-reference.com/cfb/players/anthony-malbrough-1.html,1999,Texas Tech,Big 12,,DB,11.0,,,,,,,,,0.0,0.0,,0.0,,,,,,,,,,,,,,,,,,,,,,,1.0,3.0,3.0,0.0,,,,,,,,,,,,,,,
https://www.sports-reference.com/cfb/players/anthony-malbrough-1.html,Career,Texas Tech,,,,,8.0,37.0,4.6,0.0,1.0,9.0,9.0,0.0,9.0,46.0,5.1,0.0,,,,,,,,,,2.0,31.0,15.5,0.0,,,,,,,,,,2.0,3.0,1.5,0.0,,,,,,,,,,,,,,,
https://www.sports-reference.com/cfb/players/tee-martin-1.html,1996,Tennessee,SEC,,QB,11.0,12.0,14.0,1.2,0.0,,,,,12.0,14.0,1.2,0.0,2.0,4.0,50.0,24.0,6.0,6.0,0.0,0.0,100.4,,,,,,,,,,,,,,,,,,,,,,,,,,,,,,,,
https://www.sports-reference.com/cfb/players/tee-martin-1.html,1997,Tennessee,SEC,,QB,4.0,8.0,-4.0,-0.5,0.0,,,,,8.0,-4.0,-0.5,0.0,6.0,12.0,50.0,87.0,7.3,5.2,1.0,1.0,121.7,,,,,,,,,,,,,,,,,,,,,,,,,,,,,,,,
https://www.sports-reference.com/cfb/players/tee-martin-1.html,1998,Tennessee,SEC,,QB,12.0,103.0,287.0,2.8,7.0,,,,,103.0,287.0,2.8,7.0,153.0,267.0,57.3,2164.0,8.1,8.5,19.0,6.0,144.4,,,,,,,,,,,,,,,,,,,,,,,,,,,,,,,,
https://www.sports-reference.com/cfb/players/tee-martin-1.html,1999,Tennessee,SEC,,QB,11.0,81.0,317.0,3.9,9.0,,,,,81.0,317.0,3.9,9.0,165.0,305.0,54.1,2317.0,7.6,7.1,12.0,9.0,125.0,,,,,,,,,,,,,,,,,,,,,,,,,,,,,,,,
https://www.sports-reference.com/cfb/players/tee-martin-1.html,Career,Tennessee,,,,,204.0,614.0,3.0,16.0,,,,,204.0,614.0,3.0,16.0,326.0,588.0,55.4,4592.0,7.8,7.7,32.0,16.0,133.6,,,,,,,,,,,,,,,,,,,,,,,,,,,,,,,,
https://www.sports-reference.com/cfb/players/kevin-mcdougal-2.html,1996,Colorado State,WAC,,RB,12.0,9.0,76.0,8.4,1.0,,,,,9.0,76.0,8.4,1.0,,,,,,,,,,,,,,,,,,,,,,,2.0,0.0,0.0,0.0,,,,,,,,,,,,,,,
https://www.sports-reference.com/cfb/players/kevin-mcdougal-2.html,1997,Colorado State,WAC,,RB,12.0,150.0,1111.0,7.4,13.0,12.0,100.0,8.3,1.0,162.0,1211.0,7.5,14.0,,,,,,,,,,1.0,22.0,22.0,0.0,,,,,,,,,,,,,,,,,,,,,,,,,,,,
https://www.sports-reference.com/cfb/players/kevin-mcdougal-2.html,1998,Colorado State,WAC,,RB,7.0,105.0,547.0,5.2,4.0,8.0,52.0,6.5,0.0,113.0,599.0,5.3,4.0,1.0,1.0,100.0,14.0,14.0,14.0,0.0,0.0,217.6,,,,,,,,,,,,,,,,,,,,,,,,,,,,,,,,
https://www.sports-reference.com/cfb/players/kevin-mcdougal-2.html,1999,Colorado State,MWC,,RB,10.0,207.0,1164.0,5.6,8.0,8.0,58.0,7.3,0.0,215.0,1222.0,5.7,8.0,1.0,1.0,100.0,3.0,3.0,23.0,1.0,0.0,455.2,,,,,,,,,,,,,,,,,,,,,,,,,,,,,,,,
https://www.sports-reference.com/cfb/players/kevin-mcdougal-2.html,Career,Colorado State,,,,,471.0,2898.0,6.2,26.0,28.0,210.0,7.5,1.0,499.0,3108.0,6.2,27.0,2.0,2.0,100.0,17.0,8.5,18.5,1.0,0.0,336.4,1.0,22.0,22.0,0.0,,,,,,,,,,2.0,0.0,0.0,0.0,,,,,,,,,,,,,,,
https://www.sports-reference.com/cfb/players/stockar-mcdougle-1.html,1999,Oklahoma,Big 12,,OL,11.0,1.0,2.0,2.0,0.0,,,,,1.0,2.0,2.0,0.0,,,,,,,,,,,,,,,,,,,,,,,,,,,,,,,,,,,,,,,,,
https://www.sports-reference.com/cfb/players/stockar-mcdougle-1.html,Career,Oklahoma,,,,,1.0,2.0,2.0,0.0,,,,,1.0,2.0,2.0,0.0,,,,,,,,,,,,,,,,,,,,,,,,,,,,,,,,,,,,,,,,,
https://www.sports-reference.com/cfb/players/rondell-mealey-1.html,1996,LSU,SEC,,RB,11.0,103.0,603.0,5.9,10.0,8.0,86.0,10.8,1.0,111.0,689.0,6.2,11.0,,,,,,,,,,12.0,260.0,21.7,0.0,,,,,,,,,,,,,,,,,,,,,,,,,,,,
https://www.sports-reference.com/cfb/players/rondell-mealey-1.html,1997,LSU,SEC,,RB,11.0,112.0,664.0,5.9,7.0,7.0,60.0,8.6,0.0,119.0,724.0,6.1,7.0,,,,,,,,,,6.0,107.0,17.8,0.0,,,,,,,,,,,,,,,,,,,,,,,,,,,,
https://www.sports-reference.com/cfb/players/rondell-mealey-1.html,1998,LSU,SEC,,RB,11.0,68.0,334.0,4.9,4.0,2.0,9.0,4.5,2.0,70.0,343.0,4.9,6.0,,,,,,,,,,11.0,273.0,24.8,0.0,,,,,,,,,,,,,,,,,,,,,,,,,,,,
https://www.sports-reference.com/cfb/players/rondell-mealey-1.html,1999,LSU,SEC,,RB,11.0,170.0,637.0,3.7,8.0,16.0,147.0,9.2,1.0,186.0,784.0,4.2,9.0,,,,,,,,,,,,,,,,,,,,,,,,,,,,,,,,,,,,,,,,,
https://www.sports-reference.com/cfb/players/rondell-mealey-1.html,Career,LSU,,,,,453.0,2238.0,4.9,29.0,33.0,302.0,9.2,4.0,486.0,2540.0,5.2,33.0,,,,,,,,,,29.0,640.0,22.1,0.0,,,,,,,,,,,,,,,,,,,,,,,,,,,,
https://www.sports-reference.com/cfb/players/scottie-montgomery-1.html,1996,Duke,ACC,,WR,11.0,,,,,9.0,134.0,14.9,1.0,9.0,134.0,14.9,1.0,,,,,,,,,,3.0,46.0,15.3,0.0,,,,,,,,,,,,,,,,,,,,,,,,,,,,
https://www.sports-reference.com/cfb/players/scottie-montgomery-1.html,1997,Duke,ACC,,WR,11.0,3.0,7.0,2.3,0.0,51.0,633.0,12.4,4.0,54.0,640.0,11.9,4.0,,,,,,,,,,26.0,596.0,22.9,0.0,,,,,,,,,,,,,,,,,,,,,,,,,,,,
https://www.sports-reference.com/cfb/players/scottie-montgomery-1.html,1998,Duke,ACC,,WR,11.0,22.0,128.0,5.8,1.0,60.0,793.0,13.2,3.0,82.0,921.0,11.2,4.0,,,,,,,,,,13.0,286.0,22.0,0.0,,,,,,,,,,,,,,,,,,,,,,,,,,,,
https://www.sports-reference.com/cfb/players/scottie-montgomery-1.html,1999,Duke,ACC,,WR,11.0,6.0,15.0,2.5,1.0,51.0,819.0,16.1,5.0,57.0,834.0,14.6,6.0,1.0,1.0,100.0,9.0,9.0,29.0,1.0,0.0,505.6,21.0,587.0,28.0,1.0,8.0,144.0,18.0,0.0,,,,,,,,,,,,,,,,,,,,,,,,
https://www.sports-reference.com/cfb/players/scottie-montgomery-1.html,Career,Duke,,,,,31.0,150.0,4.8,2.0,171.0,2379.0,13.9,13.0,202.0,2529.0,12.5,15.0,1.0,1.0,100.0,9.0,9.0,29.0,1.0,0.0,505.6,63.0,1515.0,24.0,1.0,8.0,144.0,18.0,0.0,,,,,,,,,,,,,,,,,,,,,,,,
https://www.sports-reference.com/cfb/players/frank-moreau-1.html,1995,Louisville,Ind,,RB,6.0,96.0,416.0,4.3,2.0,,,,,96.0,416.0,4.3,2.0,,,,,,,,,,,,,,,,,,,,,,,,,,,,,,,,,,,,,,,,,
https://www.sports-reference.com/cfb/players/frank-moreau-1.html,1996,Louisville,CUSA,,RB,11.0,7.0,14.0,2.0,0.0,1.0,0.0,0.0,0.0,8.0,14.0,1.8,0.0,,,,,,,,,,,,,,,,,,,,,,,,,,,,,,,,,,,,,,,,,
https://www.sports-reference.com/cfb/players/frank-moreau-1.html,1997,Louisville,CUSA,,RB,11.0,120.0,573.0,4.8,5.0,10.0,45.0,4.5,0.0,130.0,618.0,4.8,5.0,,,,,,,,,,,,,,,,,,,,,,,,,,,,,,,,,,,,,,,,,
https://www.sports-reference.com/cfb/players/frank-moreau-1.html,1998,Louisville,CUSA,,RB,11.0,43.0,307.0,7.1,3.0,5.0,39.0,7.8,0.0,48.0,346.0,7.2,3.0,,,,,,,,,,,,,,,,,,,,,,,,,,,,,,,,,,,,,,,,,
https://www.sports-reference.com/cfb/players/frank-moreau-1.html,1999,Louisville,CUSA,,RB,10.0,233.0,1289.0,5.5,17.0,38.0,285.0,7.5,0.0,271.0,1574.0,5.8,17.0,,,,,,,,,,,,,,,,,,,,,,,,,,,,,,,,,,,,,,,,,
https://www.sports-reference.com/cfb/players/frank-moreau-1.html,Career,Louisville,,,,,499.0,2599.0,5.2,27.0,54.0,369.0,6.8,0.0,553.0,2968.0,5.4,27.0,,,,,,,,,,,,,,,,,,,,,,,,,,,,,,,,,,,,,,,,,
https://www.sports-reference.com/cfb/players/sammy-morris-1.html,1996,Texas Tech,Big 12,,RB,11.0,29.0,226.0,7.8,4.0,13.0,221.0,17.0,0.0,42.0,447.0,10.6,4.0,,,,,,,,,,,,,,,,,,,,,,,,,,,,,,,,,,,,,,,,,
https://www.sports-reference.com/cfb/players/sammy-morris-1.html,1999,Texas Tech,Big 12,,RB,9.0,140.0,562.0,4.0,3.0,23.0,386.0,16.8,2.0,163.0,948.0,5.8,5.0,,,,,,,,,,,,,,,,,,,,,,,,,,,,,,,,,,,,,,,,,
https://www.sports-reference.com/cfb/players/sammy-morris-1.html,Career,Texas Tech,,,,,169.0,788.0,4.7,7.0,36.0,607.0,16.9,2.0,205.0,1395.0,6.8,9.0,,,,,,,,,,,,,,,,,,,,,,,,,,,,,,,,,,,,,,,,,
https://www.sports-reference.com/cfb/players/rob-morris-1.html,1993,Brigham Young,WAC,,RB,11.0,2.0,0.0,0.0,0.0,1.0,27.0,27.0,0.0,3.0,27.0,9.0,0.0,,,,,,,,,,4.0,49.0,12.3,0.0,,,,,,,,,,,,,,,,,,,,,,,,,,,,
https://www.sports-reference.com/cfb/players/rob-morris-1.html,1998,Brigham Young,WAC,,LB,13.0,,,,,,,,,0.0,0.0,,0.0,,,,,,,,,,,,,,,,,,,,,,,1.0,51.0,51.0,1.0,,,,,,,,,,,,,,,
https://www.sports-reference.com/cfb/players/rob-morris-1.html,Career,Brigham Young,,,,,2.0,0.0,0.0,0.0,1.0,27.0,27.0,0.0,3.0,27.0,9.0,0.0,,,,,,,,,,4.0,49.0,12.3,0.0,,,,,,,,,,1.0,51.0,51.0,1.0,,,,,,,,,,,,,,,
https://www.sports-reference.com/cfb/players/aric-morris-1.html,*1996,Michigan State,Big Ten,,DB,11.0,1.0,14.0,14.0,0.0,,,,,1.0,14.0,14.0,0.0,,,,,,,,,,4.0,50.0,12.5,0.0,,,,,,,,,,,,,,,,,,,,,,,,,,,,
https://www.sports-reference.com/cfb/players/aric-morris-1.html,*1997,Michigan State,Big Ten,,DB,12.0,,,,,,,,,0.0,0.0,,0.0,,,,,,,,,,,,,,,,,,,,,,,1.0,18.0,18.0,0.0,,,,,,,,,,,,,,,
https://www.sports-reference.com/cfb/players/aric-morris-1.html,1998,Michigan State,Big Ten,,DB,12.0,1.0,21.0,21.0,0.0,,,,,1.0,21.0,21.0,0.0,,,,,,,,,,,,,,,,,,,,,,,3.0,9.0,3.0,0.0,,,,,,,,,,,,,,,
https://www.sports-reference.com/cfb/players/aric-morris-1.html,*1999,Michigan State,Big Ten,,DB,12.0,,,,,,,,,0.0,0.0,,0.0,,,,,,,,,,0.0,0.0,,0.0,,,,,,,,,,2.0,93.0,46.5,1.0,,,,,,,,,,,,,,,
https://www.sports-reference.com/cfb/players/aric-morris-1.html,Career,Michigan State,,,,,2.0,35.0,17.5,0.0,,,,,2.0,35.0,17.5,0.0,,,,,,,,,,4.0,50.0,12.5,0.0,,,,,,,,,,6.0,120.0,20.0,1.0,,,,,,,,,,,,,,,
https://www.sports-reference.com/cfb/players/chad-morton-1.html,1996,USC,Pac-10,,RB,12.0,26.0,171.0,6.6,2.0,2.0,24.0,12.0,0.0,28.0,195.0,7.0,2.0,,,,,,,,,,,,,,16.0,149.0,9.3,0.0,,,,,,,,,,,,,,,,,,,,,,,,
https://www.sports-reference.com/cfb/players/chad-morton-1.html,1997,USC,Pac-10,,RB,11.0,30.0,214.0,7.1,1.0,1.0,17.0,17.0,0.0,31.0,231.0,7.5,1.0,,,,,,,,,,,,,,21.0,168.0,8.0,0.0,,,,,,2.0,32.0,16.0,0.0,,,,,,,,,,,,,,,
https://www.sports-reference.com/cfb/players/chad-morton-1.html,*1998,USC,Pac-10,,RB,11.0,199.0,985.0,4.9,6.0,18.0,136.0,7.6,1.0,217.0,1121.0,5.2,7.0,,,,,,,,,,2.0,116.0,58.0,1.0,4.0,21.0,5.3,0.0,,,,,,,,,,,,,,,,,,,,,,,,
https://www.sports-reference.com/cfb/players/chad-morton-1.html,1999,USC,Pac-10,,RB,12.0,262.0,1141.0,4.4,15.0,17.0,79.0,4.6,0.0,279.0,1220.0,4.4,15.0,,,,,,,,,,19.0,341.0,17.9,0.0,7.0,52.0,7.4,0.0,,,,,,,,,,,,,,,,,,,,,,,,
https://www.sports-reference.com/cfb/players/chad-morton-1.html,Career,USC,,,,,517.0,2511.0,4.9,24.0,38.0,256.0,6.7,1.0,555.0,2767.0,5.0,25.0,,,,,,,,,,21.0,457.0,21.8,1.0,48.0,390.0,8.1,0.0,,,,,,2.0,32.0,16.0,0.0,,,,,,,,,,,,,,,
https://www.sports-reference.com/cfb/players/dennis-northcutt-1.html,1996,Arizona,Pac-10,,WR,11.0,5.0,8.0,1.6,0.0,8.0,75.0,9.4,1.0,13.0,83.0,6.4,1.0,,,,,,,,,,1.0,23.0,23.0,0.0,4.0,32.0,8.0,0.0,,,,,,2.0,63.0,31.5,1.0,,,,,,,,,,,,,,,
https://www.sports-reference.com/cfb/players/dennis-northcutt-1.html,1997,Arizona,Pac-10,,WR,11.0,6.0,105.0,17.5,1.0,58.0,767.0,13.2,9.0,64.0,872.0,13.6,10.0,,,,,,,,,,10.0,230.0,23.0,0.0,1.0,0.0,0.0,0.0,,,,,,,,,,,,,,,,,,,,,,,,
https://www.sports-reference.com/cfb/players/dennis-northcutt-1.html,1998,Arizona,Pac-10,,WR,12.0,9.0,69.0,7.7,0.0,63.0,922.0,14.6,6.0,72.0,991.0,13.8,6.0,,,,,,,,,,11.0,219.0,19.9,0.0,38.0,437.0,11.5,0.0,,,,,,,,,,,,,,,,,,,,,,,,
https://www.sports-reference.com/cfb/players/dennis-northcutt-1.html,1999,Arizona,Pac-10,,WR,12.0,14.0,200.0,14.3,1.0,88.0,1422.0,16.2,8.0,102.0,1622.0,15.9,9.0,,,,,,,,,,9.0,191.0,21.2,0.0,23.0,436.0,19.0,2.0,,,,,,,,,,,,,,,,,,,,,,,,
https://www.sports-reference.com/cfb/players/dennis-northcutt-1.html,Career,Arizona,,,,,34.0,382.0,11.2,2.0,217.0,3186.0,14.7,24.0,251.0,3568.0,14.2,26.0,,,,,,,,,,31.0,663.0,21.4,0.0,66.0,905.0,13.7,2.0,,,,,,2.0,63.0,31.5,1.0,,,,,,,,,,,,,,,
https://www.sports-reference.com/cfb/players/deltha-oneal-1.html,1996,California,Pac-10,,RB,12.0,80.0,418.0,5.2,0.0,6.0,44.0,7.3,1.0,86.0,462.0,5.4,1.0,,,,,,,,,,22.0,461.0,21.0,0.0,5.0,38.0,7.6,0.0,,,,,,,,,,,,,,,,,,,,,,,,
https://www.sports-reference.com/cfb/players/deltha-oneal-1.html,1997,California,Pac-10,,RB,11.0,36.0,172.0,4.8,1.0,18.0,223.0,12.4,1.0,54.0,395.0,7.3,2.0,,,,,,,,,,30.0,646.0,21.5,0.0,25.0,256.0,10.2,0.0,,,,,,,,,,,,,,,,,,,,,,,,
https://www.sports-reference.com/cfb/players/deltha-oneal-1.html,1998,California,Pac-10,,DB,11.0,2.0,8.0,4.0,0.0,5.0,52.0,10.4,0.0,7.0,60.0,8.6,0.0,1.0,2.0,50.0,20.0,10.0,-2.5,1.0,1.0,199.0,22.0,624.0,28.4,0.0,38.0,447.0,11.8,0.0,,,,,,2.0,76.0,38.0,1.0,,,,,,,,,,,,,,,
https://www.sports-reference.com/cfb/players/deltha-oneal-1.html,1999,California,Pac-10,,DB,11.0,1.0,-3.0,-3.0,0.0,,,,,1.0,-3.0,-3.0,0.0,,,,,,,,,,19.0,555.0,29.2,1.0,42.0,428.0,10.2,1.0,,,,,,9.0,280.0,31.1,4.0,,,,,,,,,,,,,,,
https://www.sports-reference.com/cfb/players/deltha-oneal-1.html,Career,California,,,,,119.0,595.0,5.0,1.0,29.0,319.0,11.0,2.0,148.0,914.0,6.2,3.0,1.0,2.0,50.0,20.0,10.0,-2.5,1.0,1.0,199.0,93.0,2286.0,24.6,1.0,110.0,1169.0,10.6,1.0,,,,,,11.0,356.0,32.4,5.0,,,,,,,,,,,,,,,
https://www.sports-reference.com/cfb/players/chad-pennington-1.html,*1997,Marshall,MAC,,QB,13.0,57.0,-50.0,-0.9,1.0,,,,,57.0,-50.0,-0.9,1.0,276.0,473.0,58.4,3817.0,8.1,8.7,42.0,12.0,150.4,,,,,,,,,,,,,,,,,,,,,,,,,,,,,,,,
https://www.sports-reference.com/cfb/players/chad-pennington-1.html,*1998,Marshall,MAC,,QB,13.0,55.0,8.0,0.1,1.0,,,,,55.0,8.0,0.1,1.0,297.0,456.0,65.1,3830.0,8.4,8.9,28.0,7.0,152.9,,,,,,,,,,,,,,,,,,,,,,,,,,,,,,,,
https://www.sports-reference.com/cfb/players/chad-pennington-1.html,1999,Marshall,MAC,,QB,12.0,56.0,103.0,1.8,2.0,,,,,56.0,103.0,1.8,2.0,275.0,405.0,67.9,3799.0,9.4,10.0,37.0,11.0,171.4,,,,,,,,,,,,,,,,,,,,,,,,,,,,,,,,
https://www.sports-reference.com/cfb/players/chad-pennington-1.html,Career,Marshall,,,,,168.0,61.0,0.4,4.0,,,,,168.0,61.0,0.4,4.0,848.0,1334.0,63.6,11446.0,8.6,9.2,107.0,30.0,157.6,,,,,,,,,,,,,,,,,,,,,,,,,,,,,,,,
https://www.sports-reference.com/cfb/players/todd-pinkston-1.html,1996,Southern Mississippi,CUSA,,WR,11.0,,,,,11.0,181.0,16.5,1.0,11.0,181.0,16.5,1.0,,,,,,,,,,,,,,,,,,,,,,,,,,,,,,,,,,,,,,,,,
https://www.sports-reference.com/cfb/players/todd-pinkston-1.html,*1997,Southern Mississippi,CUSA,,WR,12.0,,,,,38.0,360.0,9.5,3.0,38.0,360.0,9.5,3.0,,,,,,,,,,,,,,,,,,,,,,,,,,,,,,,,,,,,,,,,,
https://www.sports-reference.com/cfb/players/todd-pinkston-1.html,1998,Southern Mississippi,CUSA,,WR,11.0,,,,,52.0,848.0,16.3,7.0,52.0,848.0,16.3,7.0,,,,,,,,,,,,,,,,,,,,,,,,,,,,,,,,,,,,,,,,,
https://www.sports-reference.com/cfb/players/todd-pinkston-1.html,1999,Southern Mississippi,CUSA,,WR,11.0,,,,,48.0,977.0,20.4,11.0,48.0,977.0,20.4,11.0,,,,,,,,,,,,,,,,,,,,,,,,,,,,,,,,,,,,,,,,,
https://www.sports-reference.com/cfb/players/todd-pinkston-1.html,Career,Southern Mississippi,,,,,,,,,149.0,2366.0,15.9,22.0,149.0,2366.0,15.9,22.0,,,,,,,,,,,,,,,,,,,,,,,,,,,,,,,,,,,,,,,,,
https://www.sports-reference.com/cfb/players/jerry-porter-1.html,*1997,West Virginia,Big East,,WR,10.0,,,,,13.0,280.0,21.5,3.0,13.0,280.0,21.5,3.0,,,,,,,,,,1.0,25.0,25.0,0.0,,,,,,,,,,,,,,,,,,,,,,,,,,,,
https://www.sports-reference.com/cfb/players/jerry-porter-1.html,*1998,West Virginia,Big East,,DB,12.0,,,,,,,,,0.0,0.0,,0.0,,,,,,,,,,8.0,129.0,16.1,0.0,2.0,3.0,1.5,0.0,,,,,,5.0,57.0,11.4,0.0,,,,,,,,,,,,,,,
https://www.sports-reference.com/cfb/players/jerry-porter-1.html,1999,West Virginia,Big East,,WR,11.0,6.0,52.0,8.7,0.0,15.0,311.0,20.7,4.0,21.0,363.0,17.3,4.0,3.0,6.0,50.0,20.0,3.3,3.3,0.0,0.0,78.0,1.0,16.0,16.0,0.0,,,,,,,,,,1.0,68.0,68.0,1.0,,,,,,,,,,,,,,,
https://www.sports-reference.com/cfb/players/jerry-porter-1.html,Career,West Virginia,,,,,6.0,52.0,8.7,0.0,28.0,591.0,21.1,7.0,34.0,643.0,18.9,7.0,3.0,6.0,50.0,20.0,3.3,3.3,0.0,0.0,78.0,10.0,170.0,17.0,0.0,2.0,3.0,1.5,0.0,,,,,,6.0,125.0,20.8,1.0,,,,,,,,,,,,,,,
https://www.sports-reference.com/cfb/players/hank-poteat-1.html,1996,Pitt,Big East,,RB,8.0,20.0,88.0,4.4,0.0,2.0,6.0,3.0,0.0,22.0,94.0,4.3,0.0,,,,,,,,,,17.0,445.0,26.2,0.0,3.0,18.0,6.0,0.0,,,,,,,,,,,,,,,,,,,,,,,,
https://www.sports-reference.com/cfb/players/hank-poteat-1.html,1997,Pitt,Big East,,RB,11.0,7.0,2.0,0.3,0.0,4.0,48.0,12.0,0.0,11.0,50.0,4.5,0.0,,,,,,,,,,11.0,307.0,27.9,0.0,6.0,43.0,7.2,0.0,,,,,,1.0,42.0,42.0,0.0,,,,,,,,,,,,,,,
https://www.sports-reference.com/cfb/players/hank-poteat-1.html,1998,Pitt,Big East,,DB,11.0,,,,,,,,,0.0,0.0,,0.0,,,,,,,,,,36.0,764.0,21.2,0.0,16.0,131.0,8.2,0.0,,,,,,6.0,53.0,8.8,0.0,,,,,,,,,,,,,,,
https://www.sports-reference.com/cfb/players/hank-poteat-1.html,1999,Pitt,Big East,,DB,11.0,,,,,,,,,0.0,0.0,,0.0,,,,,,,,,,17.0,401.0,23.6,0.0,19.0,307.0,16.2,1.0,,,,,,3.0,56.0,18.7,0.0,,,,,,,,,,,,,,,
https://www.sports-reference.com/cfb/players/hank-poteat-1.html,Career,Pitt,,,,,27.0,90.0,3.3,0.0,6.0,54.0,9.0,0.0,33.0,144.0,4.4,0.0,,,,,,,,,,81.0,1917.0,23.7,0.0,44.0,499.0,11.3,1.0,,,,,,10.0,151.0,15.1,0.0,,,,,,,,,,,,,,,
https://www.sports-reference.com/cfb/players/travis-prentice-1.html,1996,Miami (OH),MAC,,RB,11.0,123.0,601.0,4.9,12.0,1.0,7.0,7.0,0.0,124.0,608.0,4.9,12.0,,,,,,,,,,,,,,,,,,,,,,,,,,,,,,,,,,,,,,,,,
https://www.sports-reference.com/cfb/players/travis-prentice-1.html,1997,Miami (OH),MAC,,RB,11.0,296.0,1549.0,5.2,25.0,23.0,138.0,6.0,0.0,319.0,1687.0,5.3,25.0,,,,,,,,,,,,,,,,,,,,,,,,,,,,,,,,,,,,,,,,,
https://www.sports-reference.com/cfb/players/travis-prentice-1.html,1998,Miami (OH),MAC,,RB,11.0,365.0,1787.0,4.9,19.0,11.0,107.0,9.7,1.0,376.0,1894.0,5.0,20.0,,,,,,,,,,,,,,,,,,,,,,,,,,,,,,,,,,,,,,,,,
https://www.sports-reference.com/cfb/players/travis-prentice-1.html,1999,Miami (OH),MAC,,RB,11.0,354.0,1659.0,4.7,17.0,19.0,270.0,14.2,4.0,373.0,1929.0,5.2,21.0,0.0,2.0,0.0,0.0,0.0,0.0,0.0,0.0,0.0,,,,,,,,,,,,,,,,,,,,,,,,,,,,,,,,
https://www.sports-reference.com/cfb/players/travis-prentice-1.html,Career,Miami (OH),,,,,1138.0,5596.0,4.9,73.0,54.0,522.0,9.7,5.0,1192.0,6118.0,5.1,78.0,0.0,2.0,0.0,0.0,0.0,0.0,0.0,0.0,0.0,,,,,,,,,,,,,,,,,,,,,,,,,,,,,,,,
https://www.sports-reference.com/cfb/players/tim-rattay-1.html,1997,Louisiana Tech,Ind,,QB,11.0,64.0,87.0,1.4,1.0,1.0,-4.0,-4.0,0.0,65.0,83.0,1.3,1.0,293.0,477.0,61.4,3881.0,8.1,8.6,34.0,10.0,149.1,,,,,,,,,,,,,,,,,,,,,,,,,,,,,,,,
https://www.sports-reference.com/cfb/players/tim-rattay-1.html,1998,Louisiana Tech,Ind,,QB,12.0,43.0,-78.0,-1.8,1.0,1.0,2.0,2.0,0.0,44.0,-76.0,-1.7,1.0,380.0,559.0,68.0,4943.0,8.8,9.4,46.0,13.0,164.8,,,,,,,,,,,,,,,,,,,,,,,,,,,,,,,,
https://www.sports-reference.com/cfb/players/tim-rattay-1.html,1999,Louisiana Tech,Ind,,QB,10.0,46.0,-112.0,-2.4,0.0,,,,,46.0,-112.0,-2.4,0.0,342.0,516.0,66.3,3922.0,7.6,7.9,35.0,12.0,147.9,,,,,,,,,,,,,,,,,,,,,,,,,,,,,,,,
https://www.sports-reference.com/cfb/players/tim-rattay-1.html,Career,Louisiana Tech,,,,,153.0,-103.0,-0.7,2.0,2.0,-2.0,-1.0,0.0,155.0,-105.0,-0.7,2.0,1015.0,1552.0,65.4,12746.0,8.2,8.7,115.0,35.0,154.3,,,,,,,,,,,,,,,,,,,,,,,,,,,,,,,,
https://www.sports-reference.com/cfb/players/chris-redman-1.html,1996,Louisville,CUSA,,QB,11.0,37.0,-148.0,-4.0,0.0,,,,,37.0,-148.0,-4.0,0.0,144.0,272.0,52.9,1773.0,6.5,5.6,8.0,9.0,110.8,,,,,,,,,,,,,,,,,,,,,,,,,,,,,,,,
https://www.sports-reference.com/cfb/players/chris-redman-1.html,1997,Louisville,CUSA,,QB,11.0,47.0,-121.0,-2.6,0.0,,,,,47.0,-121.0,-2.6,0.0,261.0,445.0,58.7,3079.0,6.9,6.3,18.0,14.0,123.8,,,,,,,,,,,,,,,,,,,,,,,,,,,,,,,,
https://www.sports-reference.com/cfb/players/chris-redman-1.html,1998,Louisville,CUSA,,QB,10.0,40.0,-33.0,-0.8,2.0,,,,,40.0,-33.0,-0.8,2.0,309.0,473.0,65.3,4042.0,8.5,8.3,29.0,15.0,151.0,,,,,,,,,,,,,,,,,,,,,,,,,,,,,,,,
https://www.sports-reference.com/cfb/players/chris-redman-1.html,1999,Louisville,CUSA,,QB,11.0,43.0,-110.0,-2.6,1.0,,,,,43.0,-110.0,-2.6,1.0,317.0,489.0,64.8,3647.0,7.5,7.4,29.0,13.0,141.7,,,,,,,,,,,,,,,,,,,,,,,,,,,,,,,,
https://www.sports-reference.com/cfb/players/chris-redman-1.html,Career,Louisville,,,,,167.0,-412.0,-2.5,3.0,,,,,167.0,-412.0,-2.5,3.0,1031.0,1679.0,61.4,12541.0,7.5,7.1,84.0,51.0,134.6,,,,,,,,,,,,,,,,,,,,,,,,,,,,,,,,
https://www.sports-reference.com/cfb/players/jr-redmond-1.html,1996,Arizona State,Pac-10,,RB,11.0,63.0,301.0,4.8,2.0,9.0,197.0,21.9,2.0,72.0,498.0,6.9,4.0,1.0,1.0,100.0,16.0,16.0,36.0,1.0,0.0,564.4,2.0,83.0,41.5,0.0,31.0,260.0,8.4,0.0,,,,,,,,,,,,,,,,,,,,,,,,
https://www.sports-reference.com/cfb/players/jr-redmond-1.html,1997,Arizona State,Pac-10,,RB,10.0,142.0,865.0,6.1,7.0,15.0,186.0,12.4,1.0,157.0,1051.0,6.7,8.0,0.0,1.0,0.0,0.0,0.0,0.0,0.0,0.0,0.0,14.0,303.0,21.6,0.0,24.0,236.0,9.8,0.0,,,,,,,,,,,,,,,,,,,,,,,,
https://www.sports-reference.com/cfb/players/jr-redmond-1.html,1998,Arizona State,Pac-10,,RB,10.0,166.0,883.0,5.3,11.0,22.0,194.0,8.8,0.0,188.0,1077.0,5.7,11.0,,,,,,,,,,10.0,235.0,23.5,0.0,18.0,246.0,13.7,1.0,,,,,,,,,,,,,,,,,,,,,,,,
https://www.sports-reference.com/cfb/players/jr-redmond-1.html,*1999,Arizona State,Pac-10,,RB,11.0,241.0,1174.0,4.9,12.0,15.0,100.0,6.7,1.0,256.0,1274.0,5.0,13.0,,,,,,,,,,,,,,28.0,195.0,7.0,0.0,,,,,,,,,,,,,,,,,,,,,,,,
https://www.sports-reference.com/cfb/players/jr-redmond-1.html,Career,Arizona State,,,,,612.0,3223.0,5.3,32.0,61.0,677.0,11.1,4.0,673.0,3900.0,5.8,36.0,1.0,2.0,50.0,16.0,8.0,18.0,1.0,0.0,282.2,26.0,621.0,23.9,0.0,101.0,937.0,9.3,1.0,,,,,,,,,,,,,,,,,,,,,,,,
https://www.sports-reference.com/cfb/players/gari-scott-1.html,*1996,Michigan State,Big Ten,,WR,10.0,,,,,5.0,89.0,17.8,1.0,5.0,89.0,17.8,1.0,,,,,,,,,,1.0,22.0,22.0,0.0,,,,,,,,,,,,,,,,,,,,,,,,,,,,
https://www.sports-reference.com/cfb/players/gari-scott-1.html,*1997,Michigan State,Big Ten,,WR,12.0,,,,,41.0,680.0,16.6,7.0,41.0,680.0,16.6,7.0,,,,,,,,,,11.0,283.0,25.7,0.0,15.0,160.0,10.7,0.0,,,,,,,,,,,,,,,,,,,,,,,,
https://www.sports-reference.com/cfb/players/gari-scott-1.html,1998,Michigan State,Big Ten,,WR,12.0,,,,,58.0,843.0,14.5,4.0,58.0,843.0,14.5,4.0,,,,,,,,,,18.0,354.0,19.7,0.0,32.0,440.0,13.8,0.0,,,,,,,,,,,,,,,,,,,,,,,,
https://www.sports-reference.com/cfb/players/gari-scott-1.html,*1999,Michigan State,Big Ten,,WR,11.0,1.0,-8.0,-8.0,0.0,30.0,483.0,16.1,6.0,31.0,475.0,15.3,6.0,,,,,,,,,,7.0,137.0,19.6,0.0,37.0,488.0,13.2,1.0,,,,,,,,,,,,,,,,,,,,,,,,
https://www.sports-reference.com/cfb/players/gari-scott-1.html,Career,Michigan State,,,,,1.0,-8.0,-8.0,0.0,134.0,2095.0,15.6,18.0,135.0,2087.0,15.5,18.0,,,,,,,,,,37.0,796.0,21.5,0.0,84.0,1088.0,13.0,1.0,,,,,,,,,,,,,,,,,,,,,,,,
https://www.sports-reference.com/cfb/players/aaron-shea-1.html,1996,Michigan,Big Ten,,TE,11.0,,,,,4.0,40.0,10.0,1.0,4.0,40.0,10.0,1.0,,,,,,,,,,,,,,,,,,,,,,,,,,,,,,,,,,,,,,,,,
https://www.sports-reference.com/cfb/players/aaron-shea-1.html,1997,Michigan,Big Ten,,RB,11.0,,,,,9.0,85.0,9.4,0.0,9.0,85.0,9.4,0.0,,,,,,,,,,,,,,,,,,,,,,,,,,,,,,,,,,,,,,,,,
https://www.sports-reference.com/cfb/players/aaron-shea-1.html,1998,Michigan,Big Ten,,RB,10.0,16.0,73.0,4.6,0.0,14.0,144.0,10.3,1.0,30.0,217.0,7.2,1.0,,,,,,,,,,,,,,,,,,,,,,,,,,,,,,,,,,,,,,,,,
https://www.sports-reference.com/cfb/players/aaron-shea-1.html,1999,Michigan,Big Ten,,RB,11.0,11.0,31.0,2.8,0.0,31.0,239.0,7.7,3.0,42.0,270.0,6.4,3.0,,,,,,,,,,,,,,,,,,,,,,,,,,,,,,,,,,,,,,,,,
https://www.sports-reference.com/cfb/players/aaron-shea-1.html,Career,Michigan,,,,,27.0,104.0,3.9,0.0,58.0,508.0,8.8,5.0,85.0,612.0,7.2,5.0,,,,,,,,,,,,,,,,,,,,,,,,,,,,,,,,,,,,,,,,,
https://www.sports-reference.com/cfb/players/brandon-short-1.html,1997,Penn State,Big Ten,,LB,12.0,,,,,,,,,,,,,,,,,,,,,,,,,,,,,,,,,,,1.0,2.0,2.0,0.0,,,,,,,,,,,,,,,
https://www.sports-reference.com/cfb/players/brandon-short-1.html,1998,Penn State,Big Ten,,LB,11.0,,,,,,,,,,,,,,,,,,,,,,,,,,,,,,,,,,,1.0,18.0,18.0,0.0,,,,,,,,,,,,,,,
https://www.sports-reference.com/cfb/players/brandon-short-1.html,1999,Penn State,Big Ten,,LB,12.0,,,,,,,,,,,,,,,,,,,,,,,,,,,,,,,,,,,1.0,9.0,9.0,0.0,,,,,,,,,,,,,,,
https://www.sports-reference.com/cfb/players/brandon-short-1.html,Career,Penn State,,,,,,,,,,,,,,,,,,,,,,,,,,,,,,,,,,,,,,,3.0,29.0,9.7,0.0,,,,,,,,,,,,,,,
https://www.sports-reference.com/cfb/players/corey-simon-1.html,1999,Florida State,ACC,,DL,11.0,,,,,,,,,,,,,,,,,,,,,,,,,,,,,,,,,,,1.0,0.0,0.0,0.0,,,,,,,,,,,,,,,
https://www.sports-reference.com/cfb/players/corey-simon-1.html,Career,Florida State,,,,,,,,,,,,,,,,,,,,,,,,,,,,,,,,,,,,,,,1.0,0.0,0.0,0.0,,,,,,,,,,,,,,,
https://www.sports-reference.com/cfb/players/mark-simoneau-1.html,1998,Kansas State,Big 12,,LB,12.0,,,,,,,,,,,,,,,,,,,,,,,,,,,,,,,,,,,2.0,0.0,0.0,0.0,,,,,,,,,,,,,,,
https://www.sports-reference.com/cfb/players/mark-simoneau-1.html,1999,Kansas State,Big 12,,LB,11.0,,,,,,,,,,,,,,,,,,,,,,1.0,25.0,25.0,0.0,,,,,,,,,,2.0,61.0,30.5,1.0,,,,,,,,,,,,,,,
https://www.sports-reference.com/cfb/players/mark-simoneau-1.html,Career,Kansas State,,,,,,,,,,,,,,,,,,,,,,,,,,1.0,25.0,25.0,0.0,,,,,,,,,,4.0,61.0,15.3,1.0,,,,,,,,,,,,,,,
https://www.sports-reference.com/cfb/players/terrelle-smith-1.html,*1999,Arizona State,Pac-10,,RB,12.0,22.0,126.0,5.7,1.0,11.0,95.0,8.6,0.0,33.0,221.0,6.7,1.0,,,,,,,,,,,,,,,,,,,,,,,,,,,,,,,,,,,,,,,,,
https://www.sports-reference.com/cfb/players/terrelle-smith-1.html,Career,Arizona State,,,,,22.0,126.0,5.7,1.0,11.0,95.0,8.6,0.0,33.0,221.0,6.7,1.0,,,,,,,,,,,,,,,,,,,,,,,,,,,,,,,,,,,,,,,,,
https://www.sports-reference.com/cfb/players/r-jay-soward-1.html,1996,USC,Pac-10,,WR,12.0,,,,,18.0,507.0,28.2,5.0,18.0,507.0,28.2,5.0,,,,,,,,,,14.0,440.0,31.4,2.0,1.0,-1.0,-1.0,0.0,,,,,,,,,,,,,,,,,,,,,,,,
https://www.sports-reference.com/cfb/players/r-jay-soward-1.html,1997,USC,Pac-10,,WR,11.0,6.0,101.0,16.8,2.0,48.0,831.0,17.3,8.0,54.0,932.0,17.3,10.0,,,,,,,,,,15.0,394.0,26.3,1.0,5.0,37.0,7.4,0.0,,,,,,,,,,,,,,,,,,,,,,,,
https://www.sports-reference.com/cfb/players/r-jay-soward-1.html,*1998,USC,Pac-10,,WR,12.0,12.0,150.0,12.5,1.0,44.0,679.0,15.4,6.0,56.0,829.0,14.8,7.0,,,,,,,,,,16.0,344.0,21.5,0.0,7.0,202.0,28.9,2.0,,,,,,,,,,,,,,,,,,,,,,,,
https://www.sports-reference.com/cfb/players/r-jay-soward-1.html,1999,USC,Pac-10,,WR,11.0,9.0,89.0,9.9,0.0,51.0,655.0,12.8,4.0,60.0,744.0,12.4,4.0,,,,,,,,,,11.0,236.0,21.5,0.0,18.0,218.0,12.1,1.0,,,,,,,,,,,,,,,,,,,,,,,,
https://www.sports-reference.com/cfb/players/r-jay-soward-1.html,Career,USC,,,,,27.0,340.0,12.6,3.0,161.0,2672.0,16.6,23.0,188.0,3012.0,16.0,26.0,,,,,,,,,,56.0,1414.0,25.3,3.0,31.0,456.0,14.7,3.0,,,,,,,,,,,,,,,,,,,,,,,,
https://www.sports-reference.com/cfb/players/dave-stachelski-1.html,1996,Boise State,Big West,,TE,3.0,,,,,2.0,14.0,7.0,0.0,2.0,14.0,7.0,0.0,,,,,,,,,,,,,,,,,,,,,,,,,,,,,,,,,,,,,,,,,
https://www.sports-reference.com/cfb/players/dave-stachelski-1.html,1998,Boise State,Big West,,TE,8.0,,,,,2.0,6.0,3.0,0.0,2.0,6.0,3.0,0.0,,,,,,,,,,,,,,,,,,,,,,,,,,,,,,,,,,,,,,,,,
https://www.sports-reference.com/cfb/players/dave-stachelski-1.html,1999,Boise State,Big West,,TE,12.0,,,,,31.0,453.0,14.6,6.0,31.0,453.0,14.6,6.0,,,,,,,,,,,,,,,,,,,,,,,,,,,,,,,,,,,,,,,,,
https://www.sports-reference.com/cfb/players/dave-stachelski-1.html,Career,Boise State,,,,,,,,,35.0,473.0,13.5,6.0,35.0,473.0,13.5,6.0,,,,,,,,,,,,,,,,,,,,,,,,,,,,,,,,,,,,,,,,,
https://www.sports-reference.com/cfb/players/shyrone-stith-1.html,1996,Virginia Tech,Big East,,RB,11.0,89.0,474.0,5.3,5.0,4.0,26.0,6.5,0.0,93.0,500.0,5.4,5.0,,,,,,,,,,,,,,,,,,,,,,,,,,,,,,,,,,,,,,,,,
https://www.sports-reference.com/cfb/players/shyrone-stith-1.html,1998,Virginia Tech,Big East,,RB,11.0,133.0,699.0,5.3,3.0,5.0,42.0,8.4,0.0,138.0,741.0,5.4,3.0,,,,,,,,,,14.0,282.0,20.1,0.0,1.0,0.0,0.0,0.0,,,,,,,,,,,,,,,,,,,,,,,,
https://www.sports-reference.com/cfb/players/shyrone-stith-1.html,*1999,Virginia Tech,Big East,,RB,12.0,237.0,1187.0,5.0,13.0,4.0,48.0,12.0,0.0,241.0,1235.0,5.1,13.0,,,,,,,,,,17.0,446.0,26.2,0.0,,,,,,,,,,,,,,,,,,,,,,,,,,,,
https://www.sports-reference.com/cfb/players/shyrone-stith-1.html,Career,Virginia Tech,,,,,459.0,2360.0,5.1,21.0,13.0,116.0,8.9,0.0,472.0,2476.0,5.2,21.0,,,,,,,,,,31.0,728.0,23.5,0.0,1.0,0.0,0.0,0.0,,,,,,,,,,,,,,,,,,,,,,,,
https://www.sports-reference.com/cfb/players/jay-tant-1.html,*1996,Northwestern,Big Ten,,TE,11.0,,,,,2.0,9.0,4.5,0.0,2.0,9.0,4.5,0.0,,,,,,,,,,3.0,13.0,4.3,0.0,,,,,,,,,,,,,,,,,,,,,,,,,,,,
https://www.sports-reference.com/cfb/players/jay-tant-1.html,1997,Northwestern,Big Ten,,TE,11.0,,,,,10.0,106.0,10.6,0.0,10.0,106.0,10.6,0.0,,,,,,,,,,,,,,,,,,,,,,,,,,,,,,,,,,,,,,,,,
https://www.sports-reference.com/cfb/players/jay-tant-1.html,1998,Northwestern,Big Ten,,TE,12.0,,,,,30.0,327.0,10.9,2.0,30.0,327.0,10.9,2.0,,,,,,,,,,,,,,,,,,,,,,,,,,,,,,,,,,,,,,,,,
https://www.sports-reference.com/cfb/players/jay-tant-1.html,1999,Northwestern,Big Ten,,TE,10.0,,,,,17.0,203.0,11.9,0.0,17.0,203.0,11.9,0.0,,,,,,,,,,,,,,,,,,,,,,,,,,,,,,,,,,,,,,,,,
https://www.sports-reference.com/cfb/players/jay-tant-1.html,Career,Northwestern,,,,,,,,,59.0,645.0,10.9,2.0,59.0,645.0,10.9,2.0,,,,,,,,,,3.0,13.0,4.3,0.0,,,,,,,,,,,,,,,,,,,,,,,,,,,,
https://www.sports-reference.com/cfb/players/travis-taylor-1.html,1997,Florida,SEC,,WR,7.0,,,,,1.0,11.0,11.0,0.0,1.0,11.0,11.0,0.0,,,,,,,,,,,,,,,,,,,,,,,,,,,,,,,,,,,,,,,,,
https://www.sports-reference.com/cfb/players/travis-taylor-1.html,1998,Florida,SEC,,WR,11.0,4.0,25.0,6.3,0.0,37.0,676.0,18.3,9.0,41.0,701.0,17.1,9.0,,,,,,,,,,,,,,,,,,,,,,,,,,,,,,,,,,,,,,,,,
https://www.sports-reference.com/cfb/players/travis-taylor-1.html,1999,Florida,SEC,,WR,9.0,,,,,34.0,463.0,13.6,6.0,34.0,463.0,13.6,6.0,,,,,,,,,,,,,,1.0,-4.0,-4.0,0.0,,,,,,,,,,,,,,,,,,,,,,,,
https://www.sports-reference.com/cfb/players/travis-taylor-1.html,Career,Florida,,,,,4.0,25.0,6.3,0.0,72.0,1150.0,16.0,15.0,76.0,1175.0,15.5,15.0,,,,,,,,,,,,,,1.0,-4.0,-4.0,0.0,,,,,,,,,,,,,,,,,,,,,,,,
https://www.sports-reference.com/cfb/players/adalius-thomas-1.html,*1997,Southern Mississippi,CUSA,,DL,12.0,,,,,,,,,,,,,,,,,,,,,,,,,,,,,,,,,,,1.0,0.0,0.0,0.0,,,,,,,,,,,,,,,
https://www.sports-reference.com/cfb/players/adalius-thomas-1.html,1998,Southern Mississippi,CUSA,,DL,11.0,,,,,,,,,,,,,,,,,,,,,,,,,,1.0,5.0,5.0,0.0,,,,,,,,,,,,,,,,,,,,,,,,
https://www.sports-reference.com/cfb/players/adalius-thomas-1.html,1999,Southern Mississippi,CUSA,,,,,,,,,,,,,,,,,,,,,,,,,,,,,,,,,,,,,,0.0,0.0,,0.0,,,,,,,,,,,,,,,
https://www.sports-reference.com/cfb/players/adalius-thomas-1.html,Career,Southern Mississippi,,,,,,,,,,,,,,,,,,,,,,,,,,,,,,1.0,5.0,5.0,0.0,,,,,,1.0,0.0,0.0,0.0,,,,,,,,,,,,,,,
https://www.sports-reference.com/cfb/players/brian-urlacher-1.html,1997,New Mexico,WAC,,LB,12.0,,,,,,,,,0.0,0.0,,0.0,,,,,,,,,,2.0,15.0,7.5,0.0,,,,,,,,,,3.0,15.0,5.0,0.0,,,,,,,,,,,,,,,
https://www.sports-reference.com/cfb/players/brian-urlacher-1.html,1998,New Mexico,WAC,,LB,12.0,,,,,,,,,0.0,0.0,,0.0,,,,,,,,,,,,,,3.0,38.0,12.7,0.0,,,,,,,,,,,,,,,,,,,,,,,,
https://www.sports-reference.com/cfb/players/brian-urlacher-1.html,1999,New Mexico,MWC,,WR,11.0,,,,,7.0,61.0,8.7,6.0,7.0,61.0,8.7,6.0,,,,,,,,,,4.0,79.0,19.8,0.0,10.0,158.0,15.8,0.0,,,,,,1.0,1.0,1.0,0.0,,,,,,,,,,,,,,,
https://www.sports-reference.com/cfb/players/brian-urlacher-1.html,Career,New Mexico,,,,,,,,,7.0,61.0,8.7,6.0,7.0,61.0,8.7,6.0,,,,,,,,,,6.0,94.0,15.7,0.0,13.0,196.0,15.1,0.0,,,,,,4.0,16.0,4.0,0.0,,,,,,,,,,,,,,,
https://www.sports-reference.com/cfb/players/troy-walters-1.html,1996,Stanford,Pac-10,,WR,11.0,,,,,32.0,444.0,13.9,3.0,32.0,444.0,13.9,3.0,,,,,,,,,,1.0,22.0,22.0,0.0,24.0,268.0,11.2,1.0,,,,,,,,,,,,,,,,,,,,,,,,
https://www.sports-reference.com/cfb/players/troy-walters-1.html,1997,Stanford,Pac-10,,WR,11.0,2.0,-7.0,-3.5,0.0,86.0,1206.0,14.0,8.0,88.0,1199.0,13.6,8.0,,,,,,,,,,3.0,41.0,13.7,0.0,30.0,424.0,14.1,2.0,,,,,,,,,,,,,,,,,,,,,,,,
https://www.sports-reference.com/cfb/players/troy-walters-1.html,1998,Stanford,Pac-10,,WR,9.0,2.0,6.0,3.0,0.0,52.0,880.0,16.9,5.0,54.0,886.0,16.4,5.0,,,,,,,,,,6.0,142.0,23.7,0.0,13.0,87.0,6.7,0.0,,,,,,,,,,,,,,,,,,,,,,,,
https://www.sports-reference.com/cfb/players/troy-walters-1.html,1999,Stanford,Pac-10,,WR,11.0,2.0,6.0,3.0,0.0,74.0,1456.0,19.7,10.0,76.0,1462.0,19.2,10.0,,,,,,,,,,15.0,284.0,18.9,0.0,19.0,131.0,6.9,0.0,,,,,,,,,,,,,,,,,,,,,,,,
https://www.sports-reference.com/cfb/players/troy-walters-1.html,Career,Stanford,,,,,6.0,5.0,0.8,0.0,244.0,3986.0,16.3,26.0,250.0,3991.0,16.0,26.0,,,,,,,,,,25.0,489.0,19.6,0.0,86.0,910.0,10.6,3.0,,,,,,,,,,,,,,,,,,,,,,,,
https://www.sports-reference.com/cfb/players/peter-warrick-1.html,1995,Florida State,ACC,,WR,11.0,1.0,3.0,3.0,0.0,,,,,1.0,3.0,3.0,0.0,,,,,,,,,,1.0,9.0,9.0,0.0,,,,,,,,,,,,,,,,,,,,,,,,,,,,
https://www.sports-reference.com/cfb/players/peter-warrick-1.html,1996,Florida State,ACC,,WR,11.0,8.0,20.0,2.5,0.0,22.0,467.0,21.2,4.0,30.0,487.0,16.2,4.0,,,,,,,,,,9.0,188.0,20.9,0.0,10.0,114.0,11.4,0.0,,,,,,,,,,,,,,,,,,,,,,,,
https://www.sports-reference.com/cfb/players/peter-warrick-1.html,1997,Florida State,ACC,,WR,11.0,3.0,-16.0,-5.3,0.0,53.0,884.0,16.7,8.0,56.0,868.0,15.5,8.0,,,,,,,,,,1.0,23.0,23.0,0.0,29.0,388.0,13.4,1.0,,,,,,,,,,,,,,,,,,,,,,,,
https://www.sports-reference.com/cfb/players/peter-warrick-1.html,1998,Florida State,ACC,,WR,12.0,13.0,85.0,6.5,1.0,61.0,1232.0,20.2,12.0,74.0,1317.0,17.8,13.0,2.0,4.0,50.0,60.0,15.0,20.0,1.0,0.0,258.5,,,,,15.0,208.0,13.9,0.0,,,,,,,,,,,,,,,,,,,,,,,,
https://www.sports-reference.com/cfb/players/peter-warrick-1.html,1999,Florida State,ACC,,WR,9.0,16.0,96.0,6.0,3.0,71.0,934.0,13.2,8.0,87.0,1030.0,11.8,11.0,1.0,3.0,33.3,35.0,11.7,18.3,1.0,0.0,241.3,,,,,18.0,227.0,12.6,1.0,,,,,,,,,,,,,,,,,,,,,,,,
https://www.sports-reference.com/cfb/players/peter-warrick-1.html,Career,Florida State,,,,,41.0,188.0,4.6,4.0,207.0,3517.0,17.0,32.0,248.0,3705.0,14.9,36.0,3.0,7.0,42.9,95.0,13.6,19.3,2.0,0.0,251.1,11.0,220.0,20.0,0.0,72.0,937.0,13.0,2.0,,,,,,,,,,,,,,,,,,,,,,,,
https://www.sports-reference.com/cfb/players/james-whalen-1.html,1997,Kentucky,SEC,,TE,11.0,,,,,7.0,66.0,9.4,0.0,7.0,66.0,9.4,0.0,,,,,,,,,,,,,,,,,,,,,,,,,,,,,,,,,,,,,,,,,
https://www.sports-reference.com/cfb/players/james-whalen-1.html,1998,Kentucky,SEC,,TE,11.0,,,,,23.0,239.0,10.4,3.0,23.0,239.0,10.4,3.0,,,,,,,,,,1.0,0.0,0.0,0.0,,,,,,,,,,,,,,,,,,,,,,,,,,,,
https://www.sports-reference.com/cfb/players/james-whalen-1.html,1999,Kentucky,SEC,,TE,11.0,,,,,90.0,1019.0,11.3,10.0,90.0,1019.0,11.3,10.0,,,,,,,,,,,,,,,,,,,,,,,,,,,,,,,,,,,,,,,,,
https://www.sports-reference.com/cfb/players/james-whalen-1.html,Career,Kentucky,,,,,,,,,120.0,1324.0,11.0,13.0,120.0,1324.0,11.0,13.0,,,,,,,,,,1.0,0.0,0.0,0.0,,,,,,,,,,,,,,,,,,,,,,,,,,,,
https://www.sports-reference.com/cfb/players/austin-wheatley-1.html,1997,Iowa,Big Ten,,TE,11.0,,,,,7.0,108.0,15.4,1.0,7.0,108.0,15.4,1.0,,,,,,,,,,,,,,,,,,,,,,,,,,,,,,,,5.0,205.0,41.0,,,,,,,
https://www.sports-reference.com/cfb/players/austin-wheatley-1.html,1998,Iowa,Big Ten,,TE,11.0,,,,,9.0,137.0,15.2,0.0,9.0,137.0,15.2,0.0,,,,,,,,,,,,,,,,,,,,,,,,,,,,,,,,,,,,,,,,,
https://www.sports-reference.com/cfb/players/austin-wheatley-1.html,1999,Iowa,Big Ten,,TE,11.0,,,,,9.0,103.0,11.4,0.0,9.0,103.0,11.4,0.0,,,,,,,,,,,,,,,,,,,,,,,,,,,,,,,,,,,,,,,,,
https://www.sports-reference.com/cfb/players/austin-wheatley-1.html,Career,Iowa,,,,,,,,,25.0,348.0,13.9,1.0,25.0,348.0,13.9,1.0,,,,,,,,,,,,,,,,,,,,,,,,,,,,,,,,5.0,205.0,41.0,,,,,,,
https://www.sports-reference.com/cfb/players/dez-white-1.html,1997,Georgia Tech,ACC,,WR,10.0,,,,,,,,,0.0,0.0,,0.0,,,,,,,,,,14.0,330.0,23.6,1.0,,,,,,,,,,,,,,,,,,,,,,,,,,,,
https://www.sports-reference.com/cfb/players/dez-white-1.html,1998,Georgia Tech,ACC,,WR,11.0,,,,,46.0,973.0,21.2,9.0,46.0,973.0,21.2,9.0,,,,,,,,,,26.0,682.0,26.2,1.0,,,,,,,,,,,,,,,,,,,,,,,,,,,,
https://www.sports-reference.com/cfb/players/dez-white-1.html,1999,Georgia Tech,ACC,,WR,11.0,11.0,67.0,6.1,0.0,44.0,860.0,19.5,5.0,55.0,927.0,16.9,5.0,,,,,,,,,,29.0,689.0,23.8,0.0,,,,,,,,,,,,,,,,,,,,,,,,,,,,
https://www.sports-reference.com/cfb/players/dez-white-1.html,Career,Georgia Tech,,,,,11.0,67.0,6.1,0.0,90.0,1833.0,20.4,14.0,101.0,1900.0,18.8,14.0,,,,,,,,,,69.0,1701.0,24.7,2.0,,,,,,,,,,,,,,,,,,,,,,,,,,,,
https://www.sports-reference.com/cfb/players/michael-wiley-1.html,*1996,Ohio State,Big Ten,,RB,10.0,23.0,176.0,7.7,1.0,6.0,194.0,32.3,3.0,29.0,370.0,12.8,4.0,,,,,,,,,,1.0,12.0,12.0,0.0,,,,,,,,,,,,,,,,,,,,,,,,,,,,
https://www.sports-reference.com/cfb/players/michael-wiley-1.html,*1997,Ohio State,Big Ten,,RB,13.0,105.0,588.0,5.6,6.0,9.0,83.0,9.2,0.0,114.0,671.0,5.9,6.0,3.0,4.0,75.0,69.0,17.3,22.3,1.0,0.0,302.4,13.0,344.0,26.5,1.0,,,,,,,,,,,,,,,,,,,,,,,,,,,,
https://www.sports-reference.com/cfb/players/michael-wiley-1.html,*1998,Ohio State,Big Ten,,RB,12.0,198.0,1235.0,6.2,10.0,27.0,200.0,7.4,1.0,225.0,1435.0,6.4,11.0,2.0,2.0,100.0,33.0,16.5,16.5,0.0,0.0,238.6,6.0,143.0,23.8,0.0,,,,,,,,,,,,,,,,,,,,,,,,,,,,
https://www.sports-reference.com/cfb/players/michael-wiley-1.html,1999,Ohio State,Big Ten,,RB,12.0,183.0,952.0,5.2,10.0,14.0,153.0,10.9,1.0,197.0,1105.0,5.6,11.0,5.0,5.0,100.0,123.0,24.6,28.6,1.0,0.0,372.6,8.0,114.0,14.3,0.0,,,,,,,,,,,,,,,,,,,,,,,,,,,,
https://www.sports-reference.com/cfb/players/michael-wiley-1.html,Career,Ohio State,,,,,509.0,2951.0,5.8,27.0,56.0,630.0,11.3,5.0,565.0,3581.0,6.3,32.0,10.0,11.0,90.9,225.0,20.5,24.1,2.0,0.0,322.7,28.0,613.0,21.9,1.0,,,,,,,,,,,,,,,,,,,,,,,,,,,,
https://www.sports-reference.com/cfb/players/james-williams-5.html,*1998,Marshall,MAC,,WR,13.0,1.0,-18.0,-18.0,0.0,26.0,591.0,22.7,4.0,27.0,573.0,21.2,4.0,,,,,,,,,,12.0,302.0,25.2,0.0,,,,,,,,,,,,,,,,,,,,,,,,,,,,
https://www.sports-reference.com/cfb/players/james-williams-5.html,1999,Marshall,MAC,,WR,12.0,1.0,6.0,6.0,0.0,47.0,880.0,18.7,13.0,48.0,886.0,18.5,13.0,,,,,,,,,,15.0,493.0,32.9,1.0,,,,,,,,,,,,,,,,,,,,,,,,,,,,
https://www.sports-reference.com/cfb/players/james-williams-5.html,Career,Marshall,,,,,2.0,-12.0,-6.0,0.0,73.0,1471.0,20.2,17.0,75.0,1459.0,19.5,17.0,,,,,,,,,,27.0,795.0,29.4,1.0,,,,,,,,,,,,,,,,,,,,,,,,,,,,
https://www.sports-reference.com/cfb/players/spergon-wynn-1.html,1996,Minnesota,Big Ten,,QB,2.0,3.0,8.0,2.7,0.0,,,,,3.0,8.0,2.7,0.0,0.0,1.0,0.0,0.0,0.0,-45.0,0.0,1.0,-200.0,,,,,,,,,,,,,,,,,,,,,,,,,,,,,,,,
https://www.sports-reference.com/cfb/players/spergon-wynn-1.html,Career,Minnesota,,,,,3.0,8.0,2.7,0.0,,,,,3.0,8.0,2.7,0.0,0.0,1.0,0.0,0.0,0.0,-45.0,0.0,1.0,-200.0,,,,,,,,,,,,,,,,,,,,,,,,,,,,,,,,
https://www.sports-reference.com/cfb/players/bashir-yamini-1.html,1998,Iowa,Big Ten,,WR,11.0,1.0,11.0,11.0,0.0,31.0,317.0,10.2,0.0,32.0,328.0,10.3,0.0,0.0,1.0,0.0,0.0,0.0,0.0,0.0,0.0,0.0,,,,,,,,,,,,,,,,,,,,,,,,,,,,,,,,
https://www.sports-reference.com/cfb/players/bashir-yamini-1.html,1999,Iowa,Big Ten,,WR,11.0,,,,,26.0,348.0,13.4,1.0,26.0,348.0,13.4,1.0,,,,,,,,,,,,,,,,,,,,,,,,,,,,,,,,,,,,,,,,,
https://www.sports-reference.com/cfb/players/bashir-yamini-1.html,Career,Iowa,,,,,1.0,11.0,11.0,0.0,57.0,665.0,11.7,1.0,58.0,676.0,11.7,1.0,0.0,1.0,0.0,0.0,0.0,0.0,0.0,0.0,0.0,,,,,,,,,,,,,,,,,,,,,,,,,,,,,,,,
