NCAA_Link,Year,School,Conf,Class,Pos,G,Rec,Rec_Yds,Rec_Avg,Rec_TD,Rush_Att,Rush_Yds,Rush_Avg,Rush_TD,Scrim_Plays,Scrim_Yds,Scrim_Avg,Scrim_TD,Def_Solo_Tackles,Def_Ast_Tackles,Def_Tot_Tackles,Def_Loss_Tackles,Def_Sk,Def_Int,Def_Int_Yds,Def_Int_Avg,Def_Int_TD,Def_Int_PD,Def_FR,Def_Yds_Fumbles,Def_TD_Fumbles,Def_FF,Punt_Ret,Punt_ret_Yds,Punt_ret_Avg,Punt_ret_TD,Kick_Ret,Kick_ret_Yds,Kick_ret_Avg,Kick_ret_TD,Pass_Cmp,Pass_Att,Pass_Pct,Pass_Yds,Pass_Y/A,Pass_AY/A,Pass_TD,Pass_Int,Pass_Rate,Punts,Punt_Yds,Punt_Avg,Kick_XPM,Kick_XPA,Kick_XP_pct,Kick_FGM,Kick_FGA,Kick_FG_pct,Kick_Pts
http://www.sports-reference.com/cfb/players/kaulana-noa-1.html,1999,Hawaii,WAC,,OL,12.0,1.0,-1.0,-1.0,0.0,,,,,1.0,-1.0,-1.0,0.0,,,,,,,,,,,,,,,,,,,,,,,,,,,,,,,,,,,,,,,,,
http://www.sports-reference.com/cfb/players/kaulana-noa-1.html,Career,Hawaii,,,,,1.0,-1.0,-1.0,0.0,,,,,1.0,-1.0,-1.0,0.0,,,,,,,,,,,,,,,,,,,,,,,,,,,,,,,,,,,,,,,,,
http://www.sports-reference.com/cfb/players/anthony-lucas-1.html,1995,Arkansas,SEC,,WR,11.0,27.0,526.0,19.5,4.0,,,,,27.0,526.0,19.5,4.0,,,,,,,,,,,,,,,,,,,,,,,,,,,,,,,,,,,,,,,,,
http://www.sports-reference.com/cfb/players/anthony-lucas-1.html,1996,Arkansas,SEC,,WR,1.0,3.0,32.0,10.7,0.0,,,,,3.0,32.0,10.7,0.0,,,,,,,,,,,,,,,,,,,,,,,,,,,,,,,,,,,,,,,,,
http://www.sports-reference.com/cfb/players/anthony-lucas-1.html,1997,Arkansas,SEC,,WR,11.0,27.0,495.0,18.3,4.0,1.0,3.0,3.0,0.0,28.0,498.0,17.8,4.0,,,,,,,,,,,,,,,,,,,,,,,,,,,,,,,,,,,,,,,,,
http://www.sports-reference.com/cfb/players/anthony-lucas-1.html,1998,Arkansas,SEC,,WR,10.0,43.0,1004.0,23.3,10.0,,,,,43.0,1004.0,23.3,10.0,,,,,,,,,,,,,,,,,,,,,,,,,,,,,,,,,,,,,,,,,
http://www.sports-reference.com/cfb/players/anthony-lucas-1.html,1999,Arkansas,SEC,,WR,10.0,37.0,822.0,22.2,5.0,,,,,37.0,822.0,22.2,5.0,,,,,,,,,,,,,,,,,,,,,,,,,,,,,,,,,,,,,,,,,
http://www.sports-reference.com/cfb/players/anthony-lucas-1.html,Career,Arkansas,,,,,137.0,2879.0,21.0,23.0,1.0,3.0,3.0,0.0,138.0,2882.0,20.9,23.0,,,,,,,,,,,,,,,,,,,,,,,,,,,,,,,,,,,,,,,,,
http://www.sports-reference.com/cfb/players/thomas-hamner-1.html,1996,Minnesota,Big Ten,,RB,11.0,15.0,81.0,5.4,0.0,195.0,883.0,4.5,3.0,210.0,964.0,4.6,3.0,,,,,,,,,,,,,,,,,,,,,,,,,,,,,,,,,,,,,,,,,
http://www.sports-reference.com/cfb/players/thomas-hamner-1.html,1997,Minnesota,Big Ten,,RB,12.0,13.0,95.0,7.3,1.0,170.0,663.0,3.9,4.0,183.0,758.0,4.1,5.0,,,,,,,,,,,,,,,,,,,,,,,,,,,,,,,,,,,,,,,,,
http://www.sports-reference.com/cfb/players/thomas-hamner-1.html,1998,Minnesota,Big Ten,,RB,11.0,13.0,72.0,5.5,0.0,209.0,838.0,4.0,4.0,222.0,910.0,4.1,4.0,,,,,,,,,,,,,,,,,,,,,,,,,,,,,,,,,,,,,,,,,
http://www.sports-reference.com/cfb/players/thomas-hamner-1.html,*1999,Minnesota,Big Ten,,RB,12.0,21.0,305.0,14.5,3.0,308.0,1426.0,4.6,10.0,329.0,1731.0,5.3,13.0,,,,,,,,,,,,,,,,,,,,,,,,,,,,,,,,,,,,,,,,,
http://www.sports-reference.com/cfb/players/thomas-hamner-1.html,Career,Minnesota,,,,,62.0,553.0,8.9,4.0,882.0,3810.0,4.3,21.0,944.0,4363.0,4.6,25.0,,,,,,,,,,,,,,,,,,,,,,,,,,,,,,,,,,,,,,,,,
http://www.sports-reference.com/cfb/players/john-frank-2.html,1999,Utah,MWC,,DL,11.0,,,,,,,,,,,,,,,,,,1.0,0.0,0.0,0.0,,,,,,,,,,,,,,,,,,,,,,,,,,,,,,,,
http://www.sports-reference.com/cfb/players/john-frank-2.html,Career,Utah,,,,,,,,,,,,,,,,,,,,,,1.0,0.0,0.0,0.0,,,,,,,,,,,,,,,,,,,,,,,,,,,,,,,,
http://www.sports-reference.com/cfb/players/sherrod-gideon-1.html,1996,Southern Mississippi,CUSA,,WR,11.0,33.0,500.0,15.2,1.0,1.0,-3.0,-3.0,0.0,34.0,497.0,14.6,1.0,,,,,,,,,,,,,,,,,,,8.0,162.0,20.3,0.0,,,,,,,,,,,,,,,,,,,
http://www.sports-reference.com/cfb/players/sherrod-gideon-1.html,*1997,Southern Mississippi,CUSA,,WR,12.0,54.0,1008.0,18.7,9.0,,,,,54.0,1008.0,18.7,9.0,,,,,,,,,,,,,,,33.0,347.0,10.5,0.0,,,,,,,,,,,,,,,,,,,,,,,
http://www.sports-reference.com/cfb/players/sherrod-gideon-1.html,1998,Southern Mississippi,CUSA,,WR,11.0,66.0,1186.0,18.0,13.0,,,,,66.0,1186.0,18.0,13.0,,,,,,,,,,,,,,,5.0,33.0,6.6,0.0,,,,,,,,,,,,,,,,,,,,,,,
http://www.sports-reference.com/cfb/players/sherrod-gideon-1.html,1999,Southern Mississippi,CUSA,,WR,8.0,40.0,520.0,13.0,7.0,,,,,40.0,520.0,13.0,7.0,,,,,,,,,,,,,,,6.0,41.0,6.8,0.0,,,,,,,,,,,,,,,,,,,,,,,
http://www.sports-reference.com/cfb/players/sherrod-gideon-1.html,Career,Southern Mississippi,,,,,193.0,3214.0,16.7,30.0,1.0,-3.0,-3.0,0.0,194.0,3211.0,16.6,30.0,,,,,,,,,,,,,,,44.0,421.0,9.6,0.0,8.0,162.0,20.3,0.0,,,,,,,,,,,,,,,,,,,
http://www.sports-reference.com/cfb/players/jason-gavadza-1.html,1996,Kent State,MAC,,TE,9.0,1.0,16.0,16.0,0.0,,,,,1.0,16.0,16.0,0.0,,,,,,,,,,,,,,,,,,,,,,,,,,,,,,,,,,,,,,,,,
http://www.sports-reference.com/cfb/players/jason-gavadza-1.html,1997,Kent State,MAC,,TE,11.0,19.0,382.0,20.1,4.0,,,,,19.0,382.0,20.1,4.0,,,,,,,,,,,,,,,,,,,,,,,,,,,,,,,,,,,,,,,,,
http://www.sports-reference.com/cfb/players/jason-gavadza-1.html,1998,Kent State,MAC,,TE,11.0,19.0,260.0,13.7,2.0,,,,,19.0,260.0,13.7,2.0,,,,,,,,,,,,,,,,,,,,,,,,,,,,,,,,,,,,,,,,,
http://www.sports-reference.com/cfb/players/jason-gavadza-1.html,1999,Kent State,MAC,,TE,11.0,47.0,654.0,13.9,7.0,,,,,47.0,654.0,13.9,7.0,,,,,,,,,,,,,,,,,,,,,,,,,,,,,,,,,,,,,,,,,
http://www.sports-reference.com/cfb/players/jason-gavadza-1.html,Career,Kent State,,,,,86.0,1312.0,15.3,13.0,,,,,86.0,1312.0,15.3,13.0,,,,,,,,,,,,,,,,,,,,,,,,,,,,,,,,,,,,,,,,,
http://www.sports-reference.com/cfb/players/jeff-harris-2.html,1996,Georgia,SEC,,DB,8.0,,,,,,,,,,,,,,,,,,,,,,,,,,,,,,,1.0,12.0,12.0,0.0,,,,,,,,,,,,,,,,,,,
http://www.sports-reference.com/cfb/players/jeff-harris-2.html,1998,Georgia,SEC,,DB,11.0,,,,,,,,,,,,,,,,,,4.0,0.0,0.0,0.0,,,,,,,,,,,,,,,,,,,,,,,,,,,,,,,,
http://www.sports-reference.com/cfb/players/jeff-harris-2.html,1999,Georgia,SEC,,DB,10.0,,,,,,,,,,,,,,,,,,2.0,9.0,4.5,0.0,,,,,,,,,,0.0,0.0,,0.0,,,,,,,,,,,,,,,,,,,
http://www.sports-reference.com/cfb/players/jeff-harris-2.html,Career,Georgia,,,,,,,,,,,,,,,,,,,,,,6.0,9.0,1.5,0.0,,,,,,,,,,1.0,12.0,12.0,0.0,,,,,,,,,,,,,,,,,,,
http://www.sports-reference.com/cfb/players/ethan-howell-1.html,1998,Oklahoma State,Big 12,,WR,11.0,11.0,351.0,31.9,3.0,,,,,11.0,351.0,31.9,3.0,,,,,,,,,,,,,,,,,,,,,,,,,,,,,,,,,,,,,,,,,
http://www.sports-reference.com/cfb/players/ethan-howell-1.html,1999,Oklahoma State,Big 12,,WR,11.0,32.0,496.0,15.5,3.0,,,,,32.0,496.0,15.5,3.0,,,,,,,,,,,,,,,,,,,3.0,37.0,12.3,0.0,,,,,,,,,,,,,,,,,,,
http://www.sports-reference.com/cfb/players/ethan-howell-1.html,Career,Oklahoma State,,,,,43.0,847.0,19.7,6.0,,,,,43.0,847.0,19.7,6.0,,,,,,,,,,,,,,,,,,,3.0,37.0,12.3,0.0,,,,,,,,,,,,,,,,,,,
http://www.sports-reference.com/cfb/players/patrick-lee-1.html,*2005,Auburn,SEC,SO,DB,11.0,,,,,,,,,,,,,7.0,2.0,9.0,0.0,0.0,0.0,0.0,,0.0,3.0,0.0,0.0,0.0,0.0,0.0,0.0,,0.0,0.0,0.0,,0.0,,,,,,,,,,,,,,,,,,,
http://www.sports-reference.com/cfb/players/patrick-lee-1.html,*2006,Auburn,SEC,JR,DB,12.0,,,,,,,,,,,,,15.0,10.0,25.0,1.0,0.0,1.0,18.0,18.0,8.0,,,20.0,1.0,,,,,,1.0,15.0,15.0,0.0,,,,,,,,,,,,,,,,,,,
http://www.sports-reference.com/cfb/players/patrick-lee-1.html,*2007,Auburn,SEC,SR,DB,13.0,,,,,,,,,,,,,40.0,15.0,55.0,1.0,0.0,4.0,34.0,8.5,0.0,,,,,,,,,,11.0,284.0,25.8,0.0,,,,,,,,,,,,,,,,,,,
http://www.sports-reference.com/cfb/players/patrick-lee-1.html,Career,Auburn,,,,,,,,,,,,,,,,,62.0,27.0,89.0,2.0,0.0,5.0,52.0,10.4,8.0,3.0,0.0,20.0,1.0,0.0,0.0,0.0,,0.0,12.0,299.0,24.9,0.0,,,,,,,,,,,,,,,,,,,
http://www.sports-reference.com/cfb/players/dante-fowler-jr-1.html,*2012,Florida,SEC,FR,LB,,,,,,,,,,,,,,13.0,17.0,30.0,8.0,2.5,,,,,0.0,0.0,0.0,0.0,0.0,,,,,,,,,,,,,,,,,,,,,,,,,,,
http://www.sports-reference.com/cfb/players/dante-fowler-jr-1.html,2013,Florida,SEC,,DL,12.0,,,,,,,,,,,,,31.0,19.0,50.0,10.0,3.5,0.0,0.0,,0.0,1.0,1.0,,,3.0,,,,,,,,,,,,,,,,,,,,,,,,,,,
http://www.sports-reference.com/cfb/players/dante-fowler-jr-1.html,*2014,Florida,SEC,JR,DL,12.0,,,,,,,,,,,,,29.0,31.0,60.0,15.0,8.5,0.0,0.0,,0.0,1.0,1.0,,,2.0,,,,,,,,,,,,,,,,,,,,,,,,,,,
http://www.sports-reference.com/cfb/players/dante-fowler-jr-1.html,Career,Florida,,,,,,,,,,,,,,,,,73.0,67.0,140.0,33.0,14.5,0.0,0.0,,0.0,2.0,2.0,0.0,0.0,5.0,,,,,,,,,,,,,,,,,,,,,,,,,,,
http://www.sports-reference.com/cfb/players/rashard-robinson-1.html,*2013,LSU,SEC,FR,DB,7.0,,,,,,,,,,,,,10.0,3.0,13.0,0.5,0.0,1.0,0.0,0.0,0.0,2.0,0.0,,,0.0,,,,,,,,,,,,,,,,,,,,,,,,,,,
http://www.sports-reference.com/cfb/players/rashard-robinson-1.html,*2014,LSU,SEC,SO,DB,8.0,,,,,,,,,,,,,8.0,9.0,17.0,1.0,0.0,0.0,0.0,,0.0,1.0,0.0,,,0.0,,,,,,,,,,,,,,,,,,,,,,,,,,,
http://www.sports-reference.com/cfb/players/rashard-robinson-1.html,Career,LSU,,,,,,,,,,,,,,,,,18.0,12.0,30.0,1.5,0.0,1.0,0.0,0.0,0.0,3.0,0.0,,,0.0,,,,,,,,,,,,,,,,,,,,,,,,,,,
http://www.sports-reference.com/cfb/players/christopher-herndon-iv-1.html,*2015,Miami (FL),ACC,SO,TE,10.0,18.0,237.0,13.2,1.0,0.0,0.0,,0.0,18.0,237.0,13.2,1.0,0.0,0.0,0.0,0.0,0.0,0.0,0.0,,0.0,0.0,0.0,,,0.0,,,,,,,,,,,,,,,,,,,,,,,,,,,
http://www.sports-reference.com/cfb/players/christopher-herndon-iv-1.html,*2016,Miami (FL),ACC,JR,TE,13.0,28.0,334.0,11.9,2.0,0.0,0.0,,0.0,28.0,334.0,11.9,2.0,2.0,2.0,4.0,0.0,0.0,0.0,0.0,,0.0,0.0,0.0,,,0.0,,,,,,,,,,,,,,,,,,,,,,,,,,,
http://www.sports-reference.com/cfb/players/christopher-herndon-iv-1.html,*2017,Miami (FL),ACC,SR,TE,11.0,40.0,477.0,11.9,4.0,0.0,0.0,,0.0,40.0,477.0,11.9,4.0,0.0,0.0,0.0,0.0,0.0,0.0,0.0,,0.0,0.0,0.0,,,0.0,,,,,,,,,,,,,,,,,,,,,,,,,,,
http://www.sports-reference.com/cfb/players/christopher-herndon-iv-1.html,Career,Miami (FL),,,,,86.0,1048.0,12.2,7.0,0.0,0.0,,0.0,86.0,1048.0,12.2,7.0,2.0,2.0,4.0,0.0,0.0,0.0,0.0,,0.0,0.0,0.0,,,0.0,,,,,,,,,,,,,,,,,,,,,,,,,,,
http://www.sports-reference.com/cfb/players/richie-james-1.html,*2015,Middle Tennessee State,CUSA,FR,WR,13.0,107.0,1334.0,12.5,8.0,13.0,158.0,12.2,1.0,120.0,1492.0,12.4,9.0,1.0,0.0,1.0,0.0,0.0,0.0,0.0,,0.0,0.0,0.0,,,0.0,0.0,0.0,,0.0,1.0,18.0,18.0,0.0,0.0,0.0,,0.0,,,0.0,0.0,,,,,,,,,,,
http://www.sports-reference.com/cfb/players/richie-james-1.html,*2016,Middle Tennessee State,CUSA,SO,WR,13.0,105.0,1625.0,15.5,12.0,38.0,339.0,8.9,4.0,143.0,1964.0,13.7,16.0,1.0,0.0,1.0,0.0,0.0,0.0,0.0,,0.0,0.0,0.0,,,0.0,17.0,128.0,7.5,0.0,2.0,43.0,21.5,0.0,6.0,7.0,85.7,80.0,11.4,11.4,0.0,0.0,181.7,,,,,,,,,,
http://www.sports-reference.com/cfb/players/richie-james-1.html,*2017,Middle Tennessee State,CUSA,JR,WR,5.0,31.0,290.0,9.4,3.0,10.0,57.0,5.7,0.0,41.0,347.0,8.5,3.0,0.0,0.0,0.0,0.0,0.0,0.0,0.0,,0.0,0.0,0.0,,,0.0,7.0,37.0,5.3,0.0,0.0,0.0,,0.0,0.0,1.0,0.0,0.0,0.0,0.0,0.0,0.0,0.0,,,,,,,,,,
http://www.sports-reference.com/cfb/players/richie-james-1.html,Career,Middle Tennessee State,,,,,243.0,3249.0,13.4,23.0,61.0,554.0,9.1,5.0,304.0,3803.0,12.5,28.0,2.0,0.0,2.0,0.0,0.0,0.0,0.0,,0.0,0.0,0.0,,,0.0,24.0,165.0,6.9,0.0,3.0,61.0,20.3,0.0,6.0,8.0,75.0,80.0,10.0,10.0,0.0,0.0,159.0,,,,,,,,,,
http://www.sports-reference.com/cfb/players/ahmed-plummer-1.html,*1997,Ohio State,Big Ten,,DB,13.0,,,,,,,,,,,,,,,,,,5.0,83.0,16.6,1.0,,,,,,,,,,,,,,,,,,,,,,,,,,,,,,,,
http://www.sports-reference.com/cfb/players/ahmed-plummer-1.html,*1998,Ohio State,Big Ten,,DB,12.0,,,,,,,,,,,,,,,,,,4.0,2.0,0.5,0.0,,,,,,,,,,,,,,,,,,,,,,,,,,,,,,,,
http://www.sports-reference.com/cfb/players/ahmed-plummer-1.html,1999,Ohio State,Big Ten,,DB,12.0,,,,,,,,,,,,,,,,,,5.0,64.0,12.8,0.0,,,,,,,,,,,,,,,,,,,,,,,,,,,,,,,,
http://www.sports-reference.com/cfb/players/ahmed-plummer-1.html,Career,Ohio State,,,,,,,,,,,,,,,,,,,,,,14.0,149.0,10.6,1.0,,,,,,,,,,,,,,,,,,,,,,,,,,,,,,,,
http://www.sports-reference.com/cfb/players/erik-flowers-1.html,*1999,Arizona State,Pac-10,,DL,12.0,,,,,,,,,,,,,,,,,,1.0,7.0,7.0,0.0,,,,,,,,,,,,,,,,,,,,,,,,,,,,,,,,
http://www.sports-reference.com/cfb/players/erik-flowers-1.html,Career,Arizona State,,,,,,,,,,,,,,,,,,,,,,1.0,7.0,7.0,0.0,,,,,,,,,,,,,,,,,,,,,,,,,,,,,,,,
http://www.sports-reference.com/cfb/players/darren-howard-1.html,1999,Kansas State,Big 12,,DB,11.0,,,,,,,,,,,,,,,,,,2.0,35.0,17.5,1.0,,,,,,,,,,,,,,,,,,,,,,,,,,,,,,,,
http://www.sports-reference.com/cfb/players/darren-howard-1.html,Career,Kansas State,,,,,,,,,,,,,,,,,,,,,,2.0,35.0,17.5,1.0,,,,,,,,,,,,,,,,,,,,,,,,,,,,,,,,
http://www.sports-reference.com/cfb/players/mark-roman-1.html,1996,LSU,SEC,,DB,11.0,,,,,,,,,,,,,,,,,,4.0,116.0,29.0,1.0,,,,,,1.0,-4.0,-4.0,0.0,,,,,,,,,,,,,,,,,,,,,,,
http://www.sports-reference.com/cfb/players/mark-roman-1.html,1997,LSU,SEC,,DB,9.0,,,,,,,,,,,,,,,,,,1.0,5.0,5.0,0.0,,,,,,1.0,1.0,1.0,0.0,,,,,,,,,,,,,,,,,,,,,,,
http://www.sports-reference.com/cfb/players/mark-roman-1.html,1998,LSU,SEC,,DB,11.0,,,,,,,,,,,,,,,,,,3.0,59.0,19.7,1.0,,,,,,,,,,,,,,,,,,,,,,,,,,,,,,,,
http://www.sports-reference.com/cfb/players/mark-roman-1.html,1999,LSU,SEC,,DB,6.0,,,,,,,,,,,,,,,,,,2.0,83.0,41.5,1.0,,,,,,,,,,0.0,0.0,,0.0,,,,,,,,,,,,,,,,,,,
http://www.sports-reference.com/cfb/players/mark-roman-1.html,Career,LSU,,,,,,,,,,,,,,,,,,,,,,10.0,263.0,26.3,3.0,,,,,,2.0,-3.0,-1.5,0.0,0.0,0.0,,0.0,,,,,,,,,,,,,,,,,,,
http://www.sports-reference.com/cfb/players/mike-brown-18.html,1996,Nebraska,Big 12,,DB,9.0,,,,,,,,,,,,,,,,,,1.0,44.0,44.0,0.0,,,,,,,,,,,,,,,,,,,,,,,,,,,,,,,,
http://www.sports-reference.com/cfb/players/mike-brown-18.html,1997,Nebraska,Big 12,,DB,12.0,,,,,,,,,,,,,,,,,,2.0,26.0,13.0,0.0,,,,,,,,,,,,,,,,,,,,,,,,,,,,,,,,
http://www.sports-reference.com/cfb/players/mike-brown-18.html,1998,Nebraska,Big 12,,DB,12.0,,,,,,,,,,,,,,,,,,1.0,1.0,1.0,0.0,,,,,,,,,,,,,,,,,,,,,,,,,,,,,,,,
http://www.sports-reference.com/cfb/players/mike-brown-18.html,1999,Nebraska,Big 12,,DB,12.0,,,,,,,,,,,,,,,,,,5.0,40.0,8.0,0.0,,,,,,,,,,1.0,11.0,11.0,0.0,,,,,,,,,,,,,,,,,,,
http://www.sports-reference.com/cfb/players/mike-brown-18.html,Career,Nebraska,,,,,,,,,,,,,,,,,,,,,,9.0,111.0,12.3,0.0,,,,,,,,,,1.0,11.0,11.0,0.0,,,,,,,,,,,,,,,,,,,
http://www.sports-reference.com/cfb/players/raynoch-thompson-1.html,1997,Tennessee,SEC,,LB,11.0,,,,,,,,,,,,,,,,,,1.0,5.0,5.0,0.0,,,,,,,,,,,,,,,,,,,,,,,,,,,,,,,,
http://www.sports-reference.com/cfb/players/raynoch-thompson-1.html,1999,Tennessee,SEC,,LB,11.0,,,,,,,,,,,,,,,,,,3.0,64.0,21.3,0.0,,,,,,,,,,,,,,,,,,,,,,,,,,,,,,,,
http://www.sports-reference.com/cfb/players/raynoch-thompson-1.html,Career,Tennessee,,,,,,,,,,,,,,,,,,,,,,4.0,69.0,17.3,0.0,,,,,,,,,,,,,,,,,,,,,,,,,,,,,,,,
http://www.sports-reference.com/cfb/players/rogers-beckett-1.html,*1997,Marshall,MAC,,DB,13.0,,,,,,,,,,,,,,,,,,3.0,39.0,13.0,0.0,,,,,,,,,,,,,,,,,,,,,,,,,,,,,,,,
http://www.sports-reference.com/cfb/players/rogers-beckett-1.html,*1998,Marshall,MAC,,DB,13.0,,,,,,,,,,,,,,,,,,3.0,2.0,0.7,0.0,,,,,,,,,,,,,,,,,,,,,,,,,,,,,,,,
http://www.sports-reference.com/cfb/players/rogers-beckett-1.html,1999,Marshall,MAC,,DB,12.0,,,,,,,,,,,,,,,,,,4.0,20.0,5.0,1.0,,,,,,,,,,,,,,,,,,,,,,,,,,,,,,,,
http://www.sports-reference.com/cfb/players/rogers-beckett-1.html,Career,Marshall,,,,,,,,,,,,,,,,,,,,,,10.0,61.0,6.1,1.0,,,,,,,,,,,,,,,,,,,,,,,,,,,,,,,,
http://www.sports-reference.com/cfb/players/jason-webster-1.html,1996,Texas A&M,Big 12,,DB,12.0,,,,,,,,,,,,,,,,,,1.0,9.0,9.0,0.0,,,,,,1.0,0.0,0.0,0.0,,,,,,,,,,,,,,,,,,,,,,,
http://www.sports-reference.com/cfb/players/jason-webster-1.html,1998,Texas A&M,Big 12,,DB,13.0,,,,,,,,,,,,,,,,,,2.0,49.0,24.5,0.0,,,,,,3.0,97.0,32.3,1.0,,,,,,,,,,,,,,,,,,,,,,,
http://www.sports-reference.com/cfb/players/jason-webster-1.html,1999,Texas A&M,Big 12,,DB,11.0,,,,,,,,,,,,,,,,,,4.0,14.0,3.5,0.0,,,,,,12.0,75.0,6.3,0.0,5.0,103.0,20.6,0.0,,,,,,,,,,,,,,,,,,,
http://www.sports-reference.com/cfb/players/jason-webster-1.html,Career,Texas A&M,,,,,,,,,,,,,,,,,,,,,,7.0,72.0,10.3,0.0,,,,,,16.0,172.0,10.8,1.0,5.0,103.0,20.6,0.0,,,,,,,,,,,,,,,,,,,
http://www.sports-reference.com/cfb/players/dwayne-goodrich-1.html,1996,Tennessee,SEC,,DB,11.0,,,,,,,,,,,,,,,,,,2.0,45.0,22.5,0.0,,,,,,,,,,,,,,,,,,,,,,,,,,,,,,,,
http://www.sports-reference.com/cfb/players/dwayne-goodrich-1.html,1997,Tennessee,SEC,,DB,12.0,,,,,,,,,,,,,,,,,,4.0,47.0,11.8,1.0,,,,,,,,,,13.0,282.0,21.7,0.0,,,,,,,,,,,,,,,,,,,
http://www.sports-reference.com/cfb/players/dwayne-goodrich-1.html,1998,Tennessee,SEC,,DB,12.0,,,,,,,,,,,,,,,,,,3.0,14.0,4.7,0.0,,,,,,,,,,1.0,26.0,26.0,0.0,,,,,,,,,,,,,,,,,,,
http://www.sports-reference.com/cfb/players/dwayne-goodrich-1.html,1999,Tennessee,SEC,,DB,10.0,,,,,,,,,,,,,,,,,,3.0,28.0,9.3,0.0,,,,,,,,,,2.0,35.0,17.5,0.0,,,,,,,,,,,,,,,,,,,
http://www.sports-reference.com/cfb/players/dwayne-goodrich-1.html,Career,Tennessee,,,,,,,,,,,,,,,,,,,,,,12.0,134.0,11.2,1.0,,,,,,,,,,16.0,343.0,21.4,0.0,,,,,,,,,,,,,,,,,,,
http://www.sports-reference.com/cfb/players/william-bartee-1.html,1998,Oklahoma,Big 12,,DB,6.0,,,,,,,,,,,,,,,,,,1.0,-3.0,-3.0,0.0,,,,,,,,,,,,,,,,,,,,,,,,,,,,,,,,
http://www.sports-reference.com/cfb/players/william-bartee-1.html,1999,Oklahoma,Big 12,,DB,11.0,,,,,,,,,,,,,,,,,,1.0,0.0,0.0,0.0,,,,,,,,,,,,,,,,,,,,,,,,,,,,,,,,
http://www.sports-reference.com/cfb/players/william-bartee-1.html,Career,Oklahoma,,,,,,,,,,,,,,,,,,,,,,2.0,-3.0,-1.5,0.0,,,,,,,,,,,,,,,,,,,,,,,,,,,,,,,,
http://www.sports-reference.com/cfb/players/travares-tillman-1.html,1996,Georgia Tech,ACC,,DB,9.0,,,,,,,,,,,,,,,,,,1.0,0.0,0.0,0.0,,,,,,,,,,,,,,,,,,,,,,,,,,,,,,,,
http://www.sports-reference.com/cfb/players/travares-tillman-1.html,1997,Georgia Tech,ACC,,DB,11.0,,,,,,,,,,,,,,,,,,4.0,32.0,8.0,0.0,,,,,,,,,,,,,,,,,,,,,,,,,,,,,,,,
http://www.sports-reference.com/cfb/players/travares-tillman-1.html,1998,Georgia Tech,ACC,,DB,11.0,,,,,,,,,,,,,,,,,,1.0,0.0,0.0,0.0,,,,,,1.0,33.0,33.0,0.0,,,,,,,,,,,,,,,,,,,,,,,
http://www.sports-reference.com/cfb/players/travares-tillman-1.html,1999,Georgia Tech,ACC,,DB,9.0,,,,,,,,,,,,,,,,,,1.0,9.0,9.0,0.0,,,,,,,,,,,,,,,,,,,,,,,,,,,,,,,,
http://www.sports-reference.com/cfb/players/travares-tillman-1.html,Career,Georgia Tech,,,,,,,,,,,,,,,,,,,,,,7.0,41.0,5.9,0.0,,,,,,1.0,33.0,33.0,0.0,,,,,,,,,,,,,,,,,,,,,,,
http://www.sports-reference.com/cfb/players/jacoby-shepherd-1.html,1999,Oklahoma State,Big 12,,DB,11.0,,,,,,,,,,,,,,,,,,2.0,0.0,0.0,0.0,,,,,,,,,,,,,,,,,,,,,,,,,,,,,,,,
http://www.sports-reference.com/cfb/players/jacoby-shepherd-1.html,Career,Oklahoma State,,,,,,,,,,,,,,,,,,,,,,2.0,0.0,0.0,0.0,,,,,,,,,,,,,,,,,,,,,,,,,,,,,,,,
http://www.sports-reference.com/cfb/players/darrell-jackson-1.html,1997,Florida,SEC,,WR,9.0,4.0,53.0,13.3,1.0,,,,,4.0,53.0,13.3,1.0,,,,,,,,,,,,,,,,,,,,,,,,,,,,,,,,,,,,,,,,,
http://www.sports-reference.com/cfb/players/darrell-jackson-1.html,1998,Florida,SEC,,WR,11.0,26.0,292.0,11.2,4.0,1.0,12.0,12.0,0.0,27.0,304.0,11.3,4.0,,,,,,,,,,,,,,,,,,,,,,,,,,,,,,,,,,,,,,,,,
http://www.sports-reference.com/cfb/players/darrell-jackson-1.html,1999,Florida,SEC,,WR,12.0,67.0,1156.0,17.3,9.0,2.0,14.0,7.0,0.0,69.0,1170.0,17.0,9.0,,,,,,,,,,,,,,,8.0,69.0,8.6,0.0,,,,,,,,,,,,,,,,,,,,,,,
http://www.sports-reference.com/cfb/players/darrell-jackson-1.html,Career,Florida,,,,,97.0,1501.0,15.5,14.0,3.0,26.0,8.7,0.0,100.0,1527.0,15.3,14.0,,,,,,,,,,,,,,,8.0,69.0,8.6,0.0,,,,,,,,,,,,,,,,,,,,,,,
http://www.sports-reference.com/cfb/players/jeff-ulbrich-1.html,1999,Hawaii,WAC,,LB,12.0,,,,,,,,,,,,,,,,,,2.0,38.0,19.0,0.0,,,,,,,,,,,,,,,,,,,,,,,,,,,,,,,,
http://www.sports-reference.com/cfb/players/jeff-ulbrich-1.html,Career,Hawaii,,,,,,,,,,,,,,,,,,,,,,2.0,38.0,19.0,0.0,,,,,,,,,,,,,,,,,,,,,,,,,,,,,,,,
http://www.sports-reference.com/cfb/players/david-macklin-1.html,1996,Penn State,Big Ten,,DB,12.0,,,,,,,,,,,,,,,,,,,,,,,,,,,2.0,18.0,9.0,0.0,,,,,,,,,,,,,,,,,,,,,,,
http://www.sports-reference.com/cfb/players/david-macklin-1.html,1997,Penn State,Big Ten,,DB,12.0,,,,,,,,,,,,,,,,,,1.0,0.0,0.0,0.0,,,,,,1.0,2.0,2.0,0.0,,,,,,,,,,,,,,,,,,,,,,,
http://www.sports-reference.com/cfb/players/david-macklin-1.html,1998,Penn State,Big Ten,,DB,11.0,,,,,,,,,,,,,,,,,,6.0,120.0,20.0,1.0,,,,,,2.0,9.0,4.5,0.0,,,,,,,,,,,,,,,,,,,,,,,
http://www.sports-reference.com/cfb/players/david-macklin-1.html,1999,Penn State,Big Ten,,DB,12.0,,,,,,,,,,,,,,,,,,1.0,0.0,0.0,0.0,,,,,,,,,,,,,,,,,,,,,,,,,,,,,,,,
http://www.sports-reference.com/cfb/players/david-macklin-1.html,Career,Penn State,,,,,,,,,,,,,,,,,,,,,,8.0,120.0,15.0,1.0,,,,,,5.0,29.0,5.8,0.0,,,,,,,,,,,,,,,,,,,,,,,
http://www.sports-reference.com/cfb/players/lewis-sanders-1.html,1996,Maryland,ACC,,DB,11.0,,,,,,,,,,,,,,,,,,,,,,,,,,,,,,,2.0,14.0,7.0,0.0,,,,,,,,,,,,,,,,,,,
http://www.sports-reference.com/cfb/players/lewis-sanders-1.html,1997,Maryland,ACC,,DB,10.0,,,,,,,,,,,,,,,,,,4.0,99.0,24.8,0.0,,,,,,,,,,19.0,460.0,24.2,1.0,,,,,,,,,,,,,,,,,,,
http://www.sports-reference.com/cfb/players/lewis-sanders-1.html,1999,Maryland,ACC,,DB,11.0,,,,,,,,,,,,,,,,,,6.0,37.0,6.2,0.0,,,,,,,,,,18.0,482.0,26.8,1.0,,,,,,,,,,,,,,,,,,,
http://www.sports-reference.com/cfb/players/lewis-sanders-1.html,Career,Maryland,,,,,,,,,,,,,,,,,,,,,,10.0,136.0,13.6,0.0,,,,,,,,,,39.0,956.0,24.5,2.0,,,,,,,,,,,,,,,,,,,
http://www.sports-reference.com/cfb/players/david-barrett-2.html,1997,Arkansas,SEC,,DB,11.0,,,,,,,,,,,,,,,,,,1.0,-2.0,-2.0,0.0,,,,,,,,,,,,,,,,,,,,,,,,,,,,,,,,
http://www.sports-reference.com/cfb/players/david-barrett-2.html,1998,Arkansas,SEC,,DB,11.0,,,,,,,,,,,,,,,,,,3.0,76.0,25.3,0.0,,,,,,,,,,,,,,,,,,,,,,,,,,,,,,,,
http://www.sports-reference.com/cfb/players/david-barrett-2.html,1999,Arkansas,SEC,,DB,11.0,,,,,,,,,,,,,,,,,,3.0,45.0,15.0,1.0,,,,,,,,,,,,,,,,,,,,,,,,,,,,,,,,
http://www.sports-reference.com/cfb/players/david-barrett-2.html,Career,Arkansas,,,,,,,,,,,,,,,,,,,,,,7.0,119.0,17.0,1.0,,,,,,,,,,,,,,,,,,,,,,,,,,,,,,,,
http://www.sports-reference.com/cfb/players/leonardo-carson-1.html,1998,Auburn,SEC,,DL,11.0,,,,,,,,,,,,,,,,,,1.0,21.0,21.0,1.0,,,,,,,,,,,,,,,,,,,,,,,,,,,,,,,,
http://www.sports-reference.com/cfb/players/leonardo-carson-1.html,1999,Auburn,SEC,,DL,11.0,,,,,,,,,,,,,,,,,,1.0,1.0,1.0,0.0,,,,,,,,,,,,,,,,,,,,,,,,,,,,,,,,
http://www.sports-reference.com/cfb/players/leonardo-carson-1.html,Career,Auburn,,,,,,,,,,,,,,,,,,,,,,2.0,22.0,11.0,1.0,,,,,,,,,,,,,,,,,,,,,,,,,,,,,,,,
http://www.sports-reference.com/cfb/players/marcus-bell-2.html,1999,Arizona,Pac-10,,LB,12.0,,,,,,,,,,,,,,,,,,1.0,0.0,0.0,0.0,,,,,,,,,,,,,,,,,,,,,,,,,,,,,,,,
http://www.sports-reference.com/cfb/players/marcus-bell-2.html,Career,Arizona,,,,,,,,,,,,,,,,,,,,,,1.0,0.0,0.0,0.0,,,,,,,,,,,,,,,,,,,,,,,,,,,,,,,,
http://www.sports-reference.com/cfb/players/bobby-myers-2.html,*1997,Wisconsin,Big Ten,,DB,13.0,,,,,,,,,,,,,,,,,,1.0,0.0,0.0,0.0,,,,,,,,,,,,,,,,,,,,,,,,,,,,,,,,
http://www.sports-reference.com/cfb/players/bobby-myers-2.html,*1998,Wisconsin,Big Ten,,DB,12.0,,,,,,,,,,,,,,,,,,2.0,0.0,0.0,0.0,,,,,,,,,,,,,,,,,,,,,,,,,,,,,,,,
http://www.sports-reference.com/cfb/players/bobby-myers-2.html,1999,Wisconsin,Big Ten,,DB,12.0,,,,,,,,,,,,,,,,,,4.0,54.0,13.5,0.0,,,,,,,,,,,,,,,,,,,,,,,,,,,,,,,,
http://www.sports-reference.com/cfb/players/bobby-myers-2.html,Career,Wisconsin,,,,,,,,,,,,,,,,,,,,,,7.0,54.0,7.7,0.0,,,,,,,,,,,,,,,,,,,,,,,,,,,,,,,,
http://www.sports-reference.com/cfb/players/gary-berry-1.html,*1996,Ohio State,Big Ten,,DB,12.0,,,,,,,,,,,,,,,,,,1.0,19.0,19.0,0.0,,,,,,,,,,,,,,,,,,,,,,,,,,,,,,,,
http://www.sports-reference.com/cfb/players/gary-berry-1.html,*1997,Ohio State,Big Ten,,DB,13.0,,,,,,,,,,,,,,,,,,5.0,166.0,33.2,1.0,,,,,,3.0,17.0,5.7,1.0,3.0,59.0,19.7,0.0,,,,,,,,,,,,,,,,,,,
http://www.sports-reference.com/cfb/players/gary-berry-1.html,*1998,Ohio State,Big Ten,,DB,12.0,,,,,,,,,,,,,,,,,,,,,,,,,,,15.0,65.0,4.3,0.0,,,,,,,,,,,,,,,,,,,,,,,
http://www.sports-reference.com/cfb/players/gary-berry-1.html,1999,Ohio State,Big Ten,,DB,10.0,,,,,,,,,,,,,,,,,,1.0,12.0,12.0,0.0,,,,,,,,,,,,,,,,,,,,,,,,,,,,,,,,
http://www.sports-reference.com/cfb/players/gary-berry-1.html,Career,Ohio State,,,,,,,,,,,,,,,,,,,,,,7.0,197.0,28.1,1.0,,,,,,18.0,82.0,4.6,1.0,3.0,59.0,19.7,0.0,,,,,,,,,,,,,,,,,,,
http://www.sports-reference.com/cfb/players/peter-sirmon-1.html,*1997,Oregon,Pac-10,,LB,12.0,,,,,,,,,,,,,,,,,,2.0,0.0,0.0,0.0,,,,,,,,,,,,,,,,,,,,,,,,,,,,,,,,
http://www.sports-reference.com/cfb/players/peter-sirmon-1.html,*1999,Oregon,Pac-10,,LB,12.0,,,,,,,,,,,,,,,,,,2.0,28.0,14.0,0.0,,,,,,,,,,,,,,,,,,,,,,,,,,,,,,,,
http://www.sports-reference.com/cfb/players/peter-sirmon-1.html,Career,Oregon,,,,,,,,,,,,,,,,,,,,,,4.0,28.0,7.0,0.0,,,,,,,,,,,,,,,,,,,,,,,,,,,,,,,,
http://www.sports-reference.com/cfb/players/paul-smith-6.html,1996,UTEP,WAC,,RB,11.0,2.0,-1.0,-0.5,0.0,67.0,189.0,2.8,0.0,69.0,188.0,2.7,0.0,,,,,,,,,,,,,,,,,,,,,,,,,,,,,,,,,,,,,,,,,
http://www.sports-reference.com/cfb/players/paul-smith-6.html,1997,UTEP,WAC,,RB,11.0,8.0,84.0,10.5,0.0,115.0,432.0,3.8,2.0,123.0,516.0,4.2,2.0,,,,,,,,,,,,,,,,,,,,,,,,,,,,,,,,,,,,,,,,,
http://www.sports-reference.com/cfb/players/paul-smith-6.html,1998,UTEP,WAC,,RB,10.0,13.0,179.0,13.8,0.0,149.0,660.0,4.4,2.0,162.0,839.0,5.2,2.0,,,,,,,,,,,,,,,,,,,,,,,,,,,,,,,,,,,,,,,,,
http://www.sports-reference.com/cfb/players/paul-smith-6.html,1999,UTEP,WAC,,RB,12.0,7.0,84.0,12.0,1.0,272.0,1258.0,4.6,12.0,279.0,1342.0,4.8,13.0,,,,,,,,,,,,,,,,,,,,,,,1.0,1.0,100.0,23.0,23.0,23.0,0.0,0.0,293.2,,,,,,,,,,
http://www.sports-reference.com/cfb/players/paul-smith-6.html,Career,UTEP,,,,,30.0,346.0,11.5,1.0,603.0,2539.0,4.2,16.0,633.0,2885.0,4.6,17.0,,,,,,,,,,,,,,,,,,,,,,,1.0,1.0,100.0,23.0,23.0,23.0,0.0,0.0,293.2,,,,,,,,,,
http://www.sports-reference.com/cfb/players/robert-bean-1.html,1998,Mississippi State,SEC,,DB,12.0,,,,,,,,,,,,,,,,,,5.0,136.0,27.2,1.0,,,,,,1.0,33.0,33.0,1.0,,,,,,,,,,,,,,,,,,,,,,,
http://www.sports-reference.com/cfb/players/robert-bean-1.html,1999,Mississippi State,SEC,,DB,11.0,,,,,,,,,,,,,,,,,,1.0,33.0,33.0,0.0,,,,,,,,,,,,,,,,,,,,,,,,,,,,,,,,
http://www.sports-reference.com/cfb/players/robert-bean-1.html,Career,Mississippi State,,,,,,,,,,,,,,,,,,,,,,6.0,169.0,28.2,1.0,,,,,,1.0,33.0,33.0,1.0,,,,,,,,,,,,,,,,,,,,,,,
http://www.sports-reference.com/cfb/players/mao-tosi-1.html,1999,Idaho,Big West,,DL,9.0,,,,,,,,,,,,,,,,,,1.0,13.0,13.0,0.0,,,,,,,,,,,,,,,,,,,,,,,,,,,,,,,,
http://www.sports-reference.com/cfb/players/mao-tosi-1.html,Career,Idaho,,,,,,,,,,,,,,,,,,,,,,1.0,13.0,13.0,0.0,,,,,,,,,,,,,,,,,,,,,,,,,,,,,,,,
http://www.sports-reference.com/cfb/players/todd-franz-1.html,1998,Tulsa,WAC,,DB,11.0,,,,,,,,,,,,,,,,,,2.0,5.0,2.5,0.0,,,,,,,,,,,,,,,,,,,,,,,,,,,,,,,,
http://www.sports-reference.com/cfb/players/todd-franz-1.html,1999,Tulsa,WAC,,DB,11.0,,,,,,,,,,,,,,,,,,3.0,8.0,2.7,0.0,,,,,,,,,,,,,,,,,,,,,,,,,,,,,,,,
http://www.sports-reference.com/cfb/players/todd-franz-1.html,Career,Tulsa,,,,,,,,,,,,,,,,,,,,,,5.0,13.0,2.6,0.0,,,,,,,,,,,,,,,,,,,,,,,,,,,,,,,,
http://www.sports-reference.com/cfb/players/tony-scott-4.html,1996,North Carolina State,ACC,,DB,11.0,,,,,,,,,,,,,,,,,,1.0,30.0,30.0,0.0,,,,,,17.0,165.0,9.7,0.0,3.0,57.0,19.0,0.0,,,,,,,,,,,,,,,,,,,
http://www.sports-reference.com/cfb/players/tony-scott-4.html,1997,North Carolina State,ACC,,DB,11.0,,,,,,,,,,,,,,,,,,1.0,0.0,0.0,0.0,,,,,,6.0,26.0,4.3,0.0,,,,,,,,,,,,,,,,,,,,,,,
http://www.sports-reference.com/cfb/players/tony-scott-4.html,1998,North Carolina State,ACC,,DB,11.0,,,,,,,,,,,,,,,,,,2.0,36.0,18.0,0.0,,,,,,,,,,,,,,,,,,,,,,,,,,,,,,,,
http://www.sports-reference.com/cfb/players/tony-scott-4.html,1999,North Carolina State,ACC,,DB,11.0,,,,,,,,,,,,,,,,,,4.0,38.0,9.5,0.0,,,,,,0.0,25.0,,1.0,,,,,,,,,,,,,,,,,,,,,,,
http://www.sports-reference.com/cfb/players/tony-scott-4.html,Career,North Carolina State,,,,,,,,,,,,,,,,,,,,,,8.0,104.0,13.0,0.0,,,,,,23.0,216.0,9.4,1.0,3.0,57.0,19.0,0.0,,,,,,,,,,,,,,,,,,,
http://www.sports-reference.com/cfb/players/robaire-smith-1.html,*1997,Michigan State,Big Ten,,DL,12.0,,,,,,,,,,,,,,,,,,1.0,6.0,6.0,0.0,,,,,,,,,,,,,,,,,,,,,,,,,,,,,,,,
http://www.sports-reference.com/cfb/players/robaire-smith-1.html,*1999,Michigan State,Big Ten,,DL,12.0,,,,,,,,,,,,,,,,,,2.0,12.0,6.0,0.0,,,,,,,,,,,,,,,,,,,,,,,,,,,,,,,,
http://www.sports-reference.com/cfb/players/robaire-smith-1.html,Career,Michigan State,,,,,,,,,,,,,,,,,,,,,,3.0,18.0,6.0,0.0,,,,,,,,,,,,,,,,,,,,,,,,,,,,,,,,
http://www.sports-reference.com/cfb/players/matt-bowen-1.html,1997,Iowa,Big Ten,,DB,11.0,,,,,,,,,,,,,,,,,,2.0,126.0,63.0,1.0,,,,,,,,,,,,,,,,,,,,,,,,,,,,,,,,
http://www.sports-reference.com/cfb/players/matt-bowen-1.html,1998,Iowa,Big Ten,,DB,11.0,,,,,,,,,,,,,,,,,,2.0,0.0,0.0,0.0,,,,,,,,,,,,,,,,,,,,,,,,,,,,,,,,
http://www.sports-reference.com/cfb/players/matt-bowen-1.html,1999,Iowa,Big Ten,,DB,11.0,,,,,,,,,,,,,,,,,,1.0,0.0,0.0,0.0,,,,,,,,,,,,,,,,,,,,,,,,,,,,,,,,
http://www.sports-reference.com/cfb/players/matt-bowen-1.html,Career,Iowa,,,,,,,,,,,,,,,,,,,,,,5.0,126.0,25.2,1.0,,,,,,,,,,,,,,,,,,,,,,,,,,,,,,,,
http://www.sports-reference.com/cfb/players/sekou-sanyika-1.html,1998,California,Pac-10,,LB,11.0,,,,,,,,,,,,,,,,,,2.0,0.0,0.0,0.0,,,,,,,,,,,,,,,,,,,,,,,,,,,,,,,,
http://www.sports-reference.com/cfb/players/sekou-sanyika-1.html,1999,California,Pac-10,,LB,11.0,,,,,,,,,,,,,,,,,,2.0,37.0,18.5,0.0,,,,,,,,,,,,,,,,,,,,,,,,,,,,,,,,
http://www.sports-reference.com/cfb/players/sekou-sanyika-1.html,Career,California,,,,,,,,,,,,,,,,,,,,,,4.0,37.0,9.3,0.0,,,,,,,,,,,,,,,,,,,,,,,,,,,,,,,,
http://www.sports-reference.com/cfb/players/rashidi-barnes-1.html,1997,Colorado,Big 12,,DB,11.0,,,,,,,,,,,,,,,,,,1.0,26.0,26.0,1.0,,,,,,,,,,,,,,,,,,,,,,,,,,,,,,,,
http://www.sports-reference.com/cfb/players/rashidi-barnes-1.html,1998,Colorado,Big 12,,DB,6.0,,,,,,,,,,,,,,,,,,1.0,3.0,3.0,0.0,,,,,,,,,,,,,,,,,,,,,,,,,,,,,,,,
http://www.sports-reference.com/cfb/players/rashidi-barnes-1.html,1999,Colorado,Big 12,,DB,11.0,,,,,,,,,,,,,,,,,,1.0,0.0,0.0,0.0,,,,,,,,,,,,,,,,,,,,,,,,,,,,,,,,
http://www.sports-reference.com/cfb/players/rashidi-barnes-1.html,Career,Colorado,,,,,,,,,,,,,,,,,,,,,,3.0,29.0,9.7,1.0,,,,,,,,,,,,,,,,,,,,,,,,,,,,,,,,
http://www.sports-reference.com/cfb/players/erik-olson-1.html,1996,Colorado State,WAC,,DB,12.0,,,,,,,,,,,,,,,,,,3.0,35.0,11.7,0.0,,,,,,,,,,,,,,,,,,,,,,,,,,,,,,,,
http://www.sports-reference.com/cfb/players/erik-olson-1.html,1997,Colorado State,WAC,,DB,12.0,,,,,,,,,,,,,,,,,,1.0,20.0,20.0,0.0,,,,,,,,,,,,,,,,,,,,,,,,,,,,,,,,
http://www.sports-reference.com/cfb/players/erik-olson-1.html,1998,Colorado State,WAC,,DB,10.0,,,,,,,,,,,,,,,,,,1.0,0.0,0.0,0.0,,,,,,,,,,,,,,,,,,,,,,,,,,,,,,,,
http://www.sports-reference.com/cfb/players/erik-olson-1.html,1999,Colorado State,MWC,,DB,9.0,,,,,,,,,,,,,,,,,,6.0,93.0,15.5,1.0,,,,,,,,,,,,,,,,,,,,,,,,,,,,,,,,
http://www.sports-reference.com/cfb/players/erik-olson-1.html,Career,Colorado State,,,,,,,,,,,,,,,,,,,,,,11.0,148.0,13.5,1.0,,,,,,,,,,,,,,,,,,,,,,,,,,,,,,,,
http://www.sports-reference.com/cfb/players/danny-clark-2.html,1997,Illinois,Big Ten,,LB,11.0,,,,,,,,,,,,,,,,,,1.0,0.0,0.0,0.0,,,,,,,,,,,,,,,,,,,,,,,,,,,,,,,,
http://www.sports-reference.com/cfb/players/danny-clark-2.html,1998,Illinois,Big Ten,,LB,11.0,,,,,,,,,,,,,,,,,,2.0,24.0,12.0,0.0,,,,,,,,,,,,,,,,,,,,,,,,,,,,,,,,
http://www.sports-reference.com/cfb/players/danny-clark-2.html,*1999,Illinois,Big Ten,,LB,12.0,,,,,,,,,,,,,,,,,,1.0,0.0,0.0,0.0,,,,,,,,,,,,,,,,,,,,,,,,,,,,,,,,
http://www.sports-reference.com/cfb/players/danny-clark-2.html,Career,Illinois,,,,,,,,,,,,,,,,,,,,,,4.0,24.0,6.0,0.0,,,,,,,,,,,,,,,,,,,,,,,,,,,,,,,,
http://www.sports-reference.com/cfb/players/john-henderson-1.html,2000,Tennessee,SEC,JR,DL,11.0,,,,,,,,,,,,,,,,,,,,,,,1.0,7.0,0.0,,,,,,,,,,,,,,,,,,,0.0,0.0,,0.0,0.0,,0.0,0.0,,0.0
http://www.sports-reference.com/cfb/players/john-henderson-1.html,2001,Tennessee,SEC,SR,DL,12.0,,,,,,,,,,,,,,,,,,,,,,,1.0,5.0,0.0,,,,,,,,,,,,,,,,,,,0.0,0.0,,0.0,0.0,,0.0,0.0,,0.0
http://www.sports-reference.com/cfb/players/john-henderson-1.html,*2003,Tennessee,SEC,JR,P,13.0,,,,,,,,,,,,,,,,,,,,,,,0.0,0.0,0.0,,,,,,,,,,,,,,,,,,,1.0,39.0,39.0,0.0,0.0,,0.0,0.0,,0.0
http://www.sports-reference.com/cfb/players/john-henderson-1.html,Career,Tennessee,,,,,,,,,,,,,,,,,,,,,,,,,,,2.0,12.0,0.0,,,,,,,,,,,,,,,,,,,1.0,39.0,39.0,0.0,0.0,,0.0,0.0,,0.0
http://www.sports-reference.com/cfb/players/ingle-martin-1.html,*2002,Florida,SEC,FR,QB,12.0,2.0,14.0,7.0,0.0,11.0,51.0,4.6,0.0,13.0,65.0,5.0,0.0,,,,,,,,,,,,,,,,,,,,,,,7.0,10.0,70.0,96.0,9.6,9.6,0.0,0.0,150.6,46.0,1619.0,35.2,,,,,,,
http://www.sports-reference.com/cfb/players/ingle-martin-1.html,*2003,Florida,SEC,SO,QB,4.0,,,,,14.0,19.0,1.4,0.0,14.0,19.0,1.4,0.0,,,,,,,,,,,,,,,,,,,,,,,47.0,77.0,61.0,654.0,8.5,8.1,3.0,2.0,140.0,,,,,,,,,,
http://www.sports-reference.com/cfb/players/ingle-martin-1.html,Career,Florida,,,,,2.0,14.0,7.0,0.0,25.0,70.0,2.8,0.0,27.0,84.0,3.1,0.0,,,,,,,,,,,,,,,,,,,,,,,54.0,87.0,62.1,750.0,8.6,8.3,3.0,2.0,141.3,46.0,1619.0,35.2,,,,,,,
http://www.sports-reference.com/cfb/players/anthony-castonzo-1.html,*2007,Boston College,ACC,FR,OL,13.0,,,,,,,,,,,,,2.0,0.0,2.0,0.0,0.0,,,,,0.0,0.0,0.0,0.0,0.0,,,,,,,,,,,,,,,,,,,,,,,,,,,
http://www.sports-reference.com/cfb/players/anthony-castonzo-1.html,*2009,Boston College,ACC,JR,OL,13.0,,,,,,,,,,,,,0.0,1.0,1.0,0.0,0.0,,,,,0.0,0.0,0.0,0.0,0.0,,,,,,,,,,,,,,,,,,,,,,,,,,,
http://www.sports-reference.com/cfb/players/anthony-castonzo-1.html,Career,Boston College,,,,,,,,,,,,,,,,,2.0,1.0,3.0,0.0,0.0,,,,,0.0,0.0,0.0,0.0,0.0,,,,,,,,,,,,,,,,,,,,,,,,,,,
http://www.sports-reference.com/cfb/players/stephen-schilling-1.html,*2007,Michigan,Big Ten,SO,OL,13.0,,,,,1.0,2.0,2.0,0.0,1.0,2.0,2.0,0.0,,,,,,,,,,,,,,,,,,,,,,,,,,,,,,,,,,,,,,,,,
http://www.sports-reference.com/cfb/players/stephen-schilling-1.html,2009,Michigan,Big Ten,JR,OL,11.0,0.0,0.0,,0.0,0.0,0.0,,0.0,0.0,0.0,,0.0,1.0,0.0,1.0,0.0,0.0,0.0,0.0,,0.0,0.0,0.0,0.0,0.0,0.0,,,,,,,,,,,,,,,,,,,,,,,,,,,
http://www.sports-reference.com/cfb/players/stephen-schilling-1.html,*2010,Michigan,Big Ten,SR,OL,13.0,0.0,0.0,,0.0,0.0,0.0,,0.0,0.0,0.0,,0.0,1.0,0.0,1.0,0.0,0.0,0.0,0.0,,0.0,0.0,0.0,0.0,0.0,0.0,,,,,,,,,,,,,,,,,,,,,,,,,,,
http://www.sports-reference.com/cfb/players/stephen-schilling-1.html,Career,Michigan,,,,,0.0,0.0,,0.0,1.0,2.0,2.0,0.0,1.0,2.0,2.0,0.0,2.0,0.0,2.0,0.0,0.0,0.0,0.0,,0.0,0.0,0.0,0.0,0.0,0.0,,,,,,,,,,,,,,,,,,,,,,,,,,,
http://www.sports-reference.com/cfb/players/lane-johnson-1.html,*2011,Oklahoma,Big 12,JR,OL,13.0,,,,,,,,,,,,,1.0,0.0,1.0,0.0,0.0,,,,,0.0,0.0,0.0,0.0,0.0,,,,,,,,,,,,,,,,,,,,,,,,,,,
http://www.sports-reference.com/cfb/players/lane-johnson-1.html,Career,Oklahoma,,,,,,,,,,,,,,,,,1.0,0.0,1.0,0.0,0.0,,,,,0.0,0.0,0.0,0.0,0.0,,,,,,,,,,,,,,,,,,,,,,,,,,,
http://www.sports-reference.com/cfb/players/dj-fluker-1.html,*2011,Alabama,SEC,SO,OL,13.0,,,,,,,,,,,,,1.0,0.0,1.0,0.0,0.0,0.0,0.0,,0.0,0.0,0.0,,,0.0,,,,,,,,,,,,,,,,,,,,,,,,,,,
http://www.sports-reference.com/cfb/players/dj-fluker-1.html,Career,Alabama,,,,,,,,,,,,,,,,,1.0,0.0,1.0,0.0,0.0,0.0,0.0,,0.0,0.0,0.0,,,0.0,,,,,,,,,,,,,,,,,,,,,,,,,,,
http://www.sports-reference.com/cfb/players/larry-warford-1.html,2011,Kentucky,SEC,JR,OL,12.0,,,,,,,,,,,,,1.0,0.0,1.0,0.0,0.0,0.0,0.0,,0.0,0.0,0.0,,,0.0,,,,,,,,,,,,,,,,,,,,,,,,,,,
http://www.sports-reference.com/cfb/players/larry-warford-1.html,Career,Kentucky,,,,,,,,,,,,,,,,,1.0,0.0,1.0,0.0,0.0,0.0,0.0,,0.0,0.0,0.0,,,0.0,,,,,,,,,,,,,,,,,,,,,,,,,,,
http://www.sports-reference.com/cfb/players/tyrann-mathieu-1.html,*2010,LSU,SEC,FR,DB,13.0,,,,,,,,,,,,,34.0,23.0,57.0,8.5,4.5,2.0,0.0,0.0,0.0,7.0,3.0,,,5.0,,,,,,,,,,,,,,,,,,,,,,,,,,,
http://www.sports-reference.com/cfb/players/tyrann-mathieu-1.html,*2011,LSU,SEC,SO,DB,13.0,,,,,,,,,,,,,59.0,17.0,76.0,7.5,1.5,2.0,16.0,8.0,0.0,9.0,5.0,26.0,2.0,6.0,27.0,421.0,15.6,2.0,,,,,,,,,,,,,,,,,,,,,,,
http://www.sports-reference.com/cfb/players/tyrann-mathieu-1.html,Career,LSU,,,,,,,,,,,,,,,,,93.0,40.0,133.0,16.0,6.0,4.0,16.0,4.0,0.0,16.0,8.0,26.0,2.0,11.0,27.0,421.0,15.6,2.0,,,,,,,,,,,,,,,,,,,,,,,
http://www.sports-reference.com/cfb/players/jordan-mills-1.html,2010,Louisiana Tech,WAC,SO,OL,4.0,,,,,,,,,,,,,2.0,0.0,2.0,0.0,0.0,,,,,0.0,0.0,0.0,0.0,0.0,,,,,,,,,,,,,,,,,,,,,,,,,,,
http://www.sports-reference.com/cfb/players/jordan-mills-1.html,*2011,Louisiana Tech,WAC,JR,OL,13.0,,,,,,,,,,,,,0.0,1.0,1.0,0.0,0.0,,,,,0.0,0.0,0.0,0.0,0.0,,,,,,,,,,,,,,,,,,,,,,,,,,,
http://www.sports-reference.com/cfb/players/jordan-mills-1.html,Career,Louisiana Tech,,,,,,,,,,,,,,,,,2.0,1.0,3.0,0.0,0.0,,,,,0.0,0.0,0.0,0.0,0.0,,,,,,,,,,,,,,,,,,,,,,,,,,,
http://www.sports-reference.com/cfb/players/carson-wentz-1.html,2012,North Dakota State,MVC,FR,QB,8.0,,,,,5.0,22.0,4.4,1.0,5.0,22.0,4.4,1.0,,,,,,,,,,,,,,,,,,,,,,,12.0,16.0,75.0,144.0,9.0,11.5,2.0,0.0,191.9,,,,,,,,,,
http://www.sports-reference.com/cfb/players/carson-wentz-1.html,2013,North Dakota State,MVC,SO,QB,11.0,,,,,10.0,70.0,7.0,0.0,10.0,70.0,7.0,0.0,,,,,,,,,,,,,,,,,,,,,,,22.0,30.0,73.3,209.0,7.0,7.6,1.0,0.0,142.9,,,,,,,,,,
http://www.sports-reference.com/cfb/players/carson-wentz-1.html,2014,North Dakota State,MVC,JR,QB,16.0,1.0,16.0,16.0,1.0,138.0,642.0,4.7,6.0,139.0,658.0,4.7,7.0,,,,,,,,,,,,,,,,,,,,,,,228.0,358.0,63.7,3111.0,8.7,8.8,25.0,10.0,154.1,,,,,,,,,,
http://www.sports-reference.com/cfb/players/carson-wentz-1.html,2015,North Dakota State,MVC,SR,QB,7.0,,,,,63.0,294.0,4.7,6.0,63.0,294.0,4.7,6.0,,,,,,,,,,,,,,,,,,,,,,,130.0,208.0,62.5,1651.0,7.9,8.7,17.0,4.0,152.3,,,,,,,,,,
http://www.sports-reference.com/cfb/players/carson-wentz-1.html,Career,North Dakota State,,,,,1.0,16.0,16.0,1.0,216.0,1028.0,4.8,13.0,217.0,1044.0,4.8,14.0,,,,,,,,,,,,,,,,,,,,,,,392.0,612.0,64.1,5115.0,8.4,8.8,45.0,14.0,153.9,,,,,,,,,,
http://www.sports-reference.com/cfb/players/james-bradberry-1.html,*2011,Arkansas State,Sun Belt,FR,DB,1.0,,,,,,,,,,,,,1.0,0.0,1.0,0.0,0.0,,,,,0.0,0.0,0.0,0.0,0.0,,,,,,,,,,,,,,,,,,,,,,,,,,,
http://www.sports-reference.com/cfb/players/james-bradberry-1.html,Career,Arkansas State,,,,,,,,,,,,,,,,,1.0,0.0,1.0,0.0,0.0,,,,,0.0,0.0,0.0,0.0,0.0,,,,,,,,,,,,,,,,,,,,,,,,,,,
http://www.sports-reference.com/cfb/players/isaiah-jones-2.html,*2013,East Carolina,CUSA,FR,WR,12.0,62.0,604.0,9.7,5.0,0.0,0.0,,0.0,62.0,604.0,9.7,5.0,0.0,0.0,0.0,0.0,0.0,0.0,0.0,,0.0,0.0,0.0,,,0.0,0.0,0.0,,0.0,4.0,98.0,24.5,0.0,0.0,0.0,,0.0,,,0.0,0.0,,,,,,,,,,,
http://www.sports-reference.com/cfb/players/isaiah-jones-2.html,*2014,East Carolina,American,SO,WR,13.0,81.0,830.0,10.2,5.0,0.0,0.0,,0.0,81.0,830.0,10.2,5.0,0.0,0.0,0.0,0.0,0.0,0.0,0.0,,0.0,0.0,0.0,,,0.0,1.0,8.0,8.0,0.0,24.0,477.0,19.9,0.0,1.0,2.0,50.0,0.0,0.0,0.0,0.0,0.0,50.0,,,,,,,,,,
http://www.sports-reference.com/cfb/players/isaiah-jones-2.html,2015,East Carolina,American,JR,WR,12.0,98.0,1099.0,11.2,5.0,1.0,-6.0,-6.0,0.0,99.0,1093.0,11.0,5.0,0.0,1.0,1.0,0.0,0.0,0.0,0.0,,0.0,0.0,0.0,,,0.0,0.0,0.0,,0.0,1.0,23.0,23.0,0.0,1.0,1.0,100.0,34.0,34.0,34.0,0.0,0.0,385.6,,,,,,,,,,
http://www.sports-reference.com/cfb/players/isaiah-jones-2.html,2016,East Carolina,American,SR,WR,12.0,158.0,1746.0,11.1,8.0,4.0,24.0,6.0,0.0,162.0,1770.0,10.9,8.0,2.0,0.0,2.0,0.0,0.0,0.0,0.0,,0.0,0.0,0.0,,,0.0,0.0,0.0,,0.0,0.0,0.0,,0.0,1.0,1.0,100.0,2.0,2.0,22.0,1.0,0.0,446.8,,,,,,,,,,
http://www.sports-reference.com/cfb/players/isaiah-jones-2.html,Career,East Carolina,,,,,399.0,4279.0,10.7,23.0,5.0,18.0,3.6,0.0,404.0,4297.0,10.6,23.0,2.0,1.0,3.0,0.0,0.0,0.0,0.0,,0.0,0.0,0.0,,,0.0,1.0,8.0,8.0,0.0,29.0,598.0,20.6,0.0,3.0,4.0,75.0,36.0,9.0,14.0,1.0,0.0,233.1,,,,,,,,,,
http://www.sports-reference.com/cfb/players/joel-iyiegbuniwe-1.html,*2014,Western Kentucky,CUSA,FR,LB,1.0,,,,,,,,,,,,,1.0,0.0,1.0,0.0,0.0,0.0,0.0,,0.0,0.0,0.0,,,0.0,,,,,,,,,,,,,,,,,,,,,,,,,,,
http://www.sports-reference.com/cfb/players/joel-iyiegbuniwe-1.html,*2015,Western Kentucky,CUSA,SO,LB,9.0,,,,,,,,,,,,,14.0,5.0,19.0,1.0,0.0,0.0,0.0,,0.0,0.0,0.0,,,0.0,,,,,,,,,,,,,,,,,,,,,,,,,,,
http://www.sports-reference.com/cfb/players/joel-iyiegbuniwe-1.html,*2016,Western Kentucky,CUSA,SO,LB,13.0,,,,,,,,,,,,,39.0,25.0,64.0,10.0,3.5,0.0,0.0,,0.0,3.0,0.0,,,1.0,,,,,,,,,,,,,,,,,,,,,,,,,,,
http://www.sports-reference.com/cfb/players/joel-iyiegbuniwe-1.html,*2017,Western Kentucky,CUSA,JR,LB,13.0,,,,,,,,,,,,,54.0,63.0,117.0,11.5,2.0,0.0,0.0,,0.0,1.0,1.0,,,2.0,,,,,,,,,,,,,,,,,,,,,,,,,,,
http://www.sports-reference.com/cfb/players/joel-iyiegbuniwe-1.html,Career,Western Kentucky,,,,,,,,,,,,,,,,,108.0,93.0,201.0,22.5,5.5,0.0,0.0,,0.0,4.0,1.0,,,3.0,,,,,,,,,,,,,,,,,,,,,,,,,,,
http://www.sports-reference.com/cfb/players/rj-mcintosh-1.html,*2015,Miami (FL),ACC,FR,DL,3.0,,,,,,,,,,,,,2.0,2.0,4.0,1.0,0.5,0.0,0.0,,0.0,0.0,0.0,,,0.0,0.0,0.0,,0.0,0.0,0.0,,0.0,,,,,,,,,,,,,,,,,,,
http://www.sports-reference.com/cfb/players/rj-mcintosh-1.html,*2016,Miami (FL),ACC,SO,DL,13.0,,,,,,,,,,,,,24.0,23.0,47.0,9.5,2.5,0.0,0.0,,0.0,2.0,0.0,,,0.0,1.0,6.0,6.0,0.0,0.0,0.0,,0.0,,,,,,,,,,,,,,,,,,,
http://www.sports-reference.com/cfb/players/rj-mcintosh-1.html,*2017,Miami (FL),ACC,JR,DL,13.0,,,,,,,,,,,,,25.0,27.0,52.0,12.5,2.5,0.0,0.0,,0.0,7.0,1.0,,,1.0,0.0,0.0,,0.0,0.0,0.0,,0.0,,,,,,,,,,,,,,,,,,,
http://www.sports-reference.com/cfb/players/rj-mcintosh-1.html,Career,Miami (FL),,,,,,,,,,,,,,,,,51.0,52.0,103.0,23.0,5.5,0.0,0.0,,0.0,9.0,1.0,,,1.0,1.0,6.0,6.0,0.0,0.0,0.0,,0.0,,,,,,,,,,,,,,,,,,,
http://www.sports-reference.com/cfb/players/mike-white-6.html,2013,South Florida,American,FR,QB,6.0,0.0,0.0,,0.0,14.0,-43.0,-3.1,0.0,14.0,-43.0,-3.1,0.0,0.0,0.0,0.0,0.0,0.0,0.0,0.0,,0.0,0.0,0.0,,,0.0,,,,,,,,,93.0,175.0,53.1,1083.0,6.2,4.2,3.0,9.0,100.5,,,,,,,,,,
http://www.sports-reference.com/cfb/players/mike-white-6.html,2014,South Florida,American,SO,QB,11.0,0.0,0.0,,0.0,29.0,-85.0,-2.9,0.0,29.0,-85.0,-2.9,0.0,0.0,0.0,0.0,0.0,0.0,0.0,0.0,,0.0,0.0,0.0,,,0.0,,,,,,,,,122.0,242.0,50.4,1639.0,6.8,6.1,8.0,7.0,112.4,,,,,,,,,,
http://www.sports-reference.com/cfb/players/mike-white-6.html,*2015,Western Kentucky,CUSA,JR,QB,,,,,,,,,,0.0,0.0,,0.0,,,,,,,,,,,,,,,,,,,,,,,,,,,,,,,,,,,,,,,,,
http://www.sports-reference.com/cfb/players/mike-white-6.html,*2016,Western Kentucky,CUSA,JR,QB,14.0,0.0,0.0,,0.0,29.0,-74.0,-2.6,0.0,29.0,-74.0,-2.6,0.0,0.0,0.0,0.0,0.0,0.0,0.0,0.0,,0.0,0.0,0.0,,,0.0,,,,,,,,,280.0,416.0,67.3,4363.0,10.5,11.5,37.0,7.0,181.4,,,,,,,,,,
http://www.sports-reference.com/cfb/players/mike-white-6.html,*2017,Western Kentucky,CUSA,SR,QB,13.0,0.0,0.0,,0.0,64.0,-268.0,-4.2,6.0,64.0,-268.0,-4.2,6.0,0.0,1.0,1.0,0.0,0.0,0.0,0.0,,0.0,0.0,0.0,,,0.0,,,,,,,,,368.0,560.0,65.7,4177.0,7.5,7.7,26.0,8.0,140.8,,,,,,,,,,
http://www.sports-reference.com/cfb/players/mike-white-6.html,Career,Overall,,,,,0.0,0.0,,0.0,136.0,-470.0,-3.5,6.0,136.0,-470.0,-3.5,6.0,0.0,1.0,1.0,0.0,0.0,0.0,0.0,,0.0,0.0,0.0,,,0.0,,,,,,,,,863.0,1393.0,62.0,11262.0,8.1,8.1,74.0,31.0,142.9,,,,,,,,,,
http://www.sports-reference.com/cfb/players/mike-white-6.html,,South Florida,,,,,0.0,0.0,,0.0,43.0,-128.0,-3.0,0.0,43.0,-128.0,-3.0,0.0,0.0,0.0,0.0,0.0,0.0,0.0,0.0,,0.0,0.0,0.0,,,0.0,,,,,,,,,215.0,417.0,51.6,2722.0,6.5,5.3,11.0,16.0,107.4,,,,,,,,,,
http://www.sports-reference.com/cfb/players/mike-white-6.html,,Western Kentucky,,,,,0.0,0.0,,0.0,93.0,-342.0,-3.7,6.0,93.0,-342.0,-3.7,6.0,0.0,1.0,1.0,0.0,0.0,0.0,0.0,,0.0,0.0,0.0,,,0.0,,,,,,,,,648.0,976.0,66.4,8540.0,8.8,9.3,63.0,15.0,158.1,,,,,,,,,,
http://www.sports-reference.com/cfb/players/kahlil-mckenzie-1.html,*2015,Tennessee,SEC,FR,DL,9.0,,,,,,,,,,,,,12.0,12.0,24.0,1.0,1.0,0.0,0.0,,0.0,1.0,0.0,,,1.0,,,,,,,,,,,,,,,,,,,,,,,,,,,
http://www.sports-reference.com/cfb/players/kahlil-mckenzie-1.html,*2016,Tennessee,SEC,SO,DL,6.0,,,,,,,,,,,,,2.0,10.0,12.0,0.5,0.0,0.0,0.0,,0.0,0.0,0.0,,,0.0,,,,,,,,,,,,,,,,,,,,,,,,,,,
http://www.sports-reference.com/cfb/players/kahlil-mckenzie-1.html,Career,Tennessee,,,,,,,,,,,,,,,,,14.0,22.0,36.0,1.5,1.0,0.0,0.0,,0.0,1.0,0.0,,,1.0,,,,,,,,,,,,,,,,,,,,,,,,,,,
http://www.sports-reference.com/cfb/players/jordan-thomas-6.html,*2016,Mississippi State,SEC,JR,TE,6.0,9.0,48.0,5.3,1.0,0.0,0.0,,0.0,9.0,48.0,5.3,1.0,,,,,,,,,,,,,,,,,,,,,,,,,,,,,,,,,,,,,,,,,
http://www.sports-reference.com/cfb/players/jordan-thomas-6.html,*2017,Mississippi State,SEC,SR,TE,12.0,22.0,263.0,12.0,3.0,0.0,0.0,,0.0,22.0,263.0,12.0,3.0,,,,,,,,,,,,,,,,,,,,,,,,,,,,,,,,,,,,,,,,,
http://www.sports-reference.com/cfb/players/jordan-thomas-6.html,Career,Mississippi State,,,,,31.0,311.0,10.0,4.0,0.0,0.0,,0.0,31.0,311.0,10.0,4.0,,,,,,,,,,,,,,,,,,,,,,,,,,,,,,,,,,,,,,,,,
http://www.sports-reference.com/cfb/players/tracy-walker-1.html,*2014,Louisiana,Sun Belt,FR,S,10.0,,,,,,,,,,,,,32.0,5.0,37.0,0.0,0.0,2.0,19.0,9.5,0.0,3.0,0.0,,,1.0,,,,,,,,,,,,,,,,,,,,,,,,,,,
http://www.sports-reference.com/cfb/players/tracy-walker-1.html,2015,Louisiana,Sun Belt,SO,DB,11.0,,,,,,,,,,,,,54.0,20.0,74.0,5.0,0.0,1.0,1.0,1.0,0.0,7.0,2.0,,,1.0,,,,,,,,,,,,,,,,,,,,,,,,,,,
http://www.sports-reference.com/cfb/players/tracy-walker-1.html,*2016,Louisiana,Sun Belt,JR,DB,13.0,,,,,,,,,,,,,30.0,31.0,61.0,2.5,0.0,3.0,41.0,13.7,0.0,3.0,1.0,,,0.0,,,,,,,,,,,,,,,,,,,,,,,,,,,
http://www.sports-reference.com/cfb/players/tracy-walker-1.html,2017,Louisiana,Sun Belt,SR,DB,12.0,,,,,,,,,,,,,62.0,35.0,97.0,3.5,0.5,2.0,14.0,7.0,0.0,6.0,0.0,,,0.0,,,,,,,,,,,,,,,,,,,,,,,,,,,
http://www.sports-reference.com/cfb/players/tracy-walker-1.html,Career,Louisiana,,,,,,,,,,,,,,,,,178.0,91.0,269.0,11.0,0.5,8.0,75.0,9.4,0.0,19.0,3.0,,,2.0,,,,,,,,,,,,,,,,,,,,,,,,,,,
