DSRS,L,MoV,OSRS,PA,PD,PF,SRS,SoS,T,Tm,W,W-L%,Year
-0.5,3,5.6,6.6,333,90,423,6.1,0.5,,Indianapolis Colts*,13,.813,1999
7.4,5,5.7,-0.2,229,91,320,7.1,1.5,,Buffalo Bills+,11,.688,1999
0.7,7,-0.6,1.2,336,-10,326,1.9,2.5,,Miami Dolphins+,9,.563,1999
2.9,8,-0.1,0.2,309,-1,308,3.1,3.1,,New York Jets,8,.500,1999
3.2,8,0.9,-1.0,284,15,299,2.2,1.3,,New England Patriots,8,.500,1999
5.1,2,11.2,1.3,217,179,396,6.4,-4.8,,Jacksonville Jaguars*,14,.875,1999
-1.0,3,4.3,2.0,324,68,392,1.0,-3.2,,Tennessee Titans+,13,.813,1999
2.5,8,2.9,-1.6,277,47,324,0.9,-2.0,,Baltimore Ravens,8,.500,1999
-0.2,10,-0.2,-2.2,320,-3,317,-2.4,-2.2,,Pittsburgh Steelers,6,.375,1999
-8.2,12,-11.1,-3.3,460,-177,283,-11.5,-0.5,,Cincinnati Bengals,4,.250,1999
-6.5,14,-13.8,-7.6,437,-220,217,-14.1,-0.3,,Cleveland Browns,2,.125,1999
2.6,7,2.5,1.9,298,40,338,4.5,2.0,,Seattle Seahawks*,9,.563,1999
1.3,7,4.3,5.5,322,68,390,6.8,2.6,,Kansas City Chiefs,9,.563,1999
2.9,8,-2.9,-3.9,316,-47,269,-1.0,2.0,,San Diego Chargers,8,.500,1999
1.0,8,3.8,5.7,329,61,390,6.8,2.9,,Oakland Raiders,8,.500,1999
2.4,10,-0.3,1.0,318,-4,314,3.4,3.6,,Denver Broncos,6,.375,1999
-3.9,6,4.1,6.8,377,66,443,2.9,-1.3,,Washington Redskins*,10,.625,1999
3.4,8,4.8,-0.3,276,76,352,3.1,-1.6,,Dallas Cowboys+,8,.500,1999
-1.2,9,-3.7,-1.8,358,-59,299,-3.0,0.7,,New York Giants,7,.438,1999
-3.2,10,-8.6,-5.5,382,-137,245,-8.8,-0.2,,Arizona Cardinals,6,.375,1999
-0.9,11,-5.3,-3.3,357,-85,272,-4.2,1.1,,Philadelphia Eagles,5,.313,1999
6.7,5,2.2,-4.1,235,35,270,2.6,0.4,,Tampa Bay Buccaneers*,11,.688,1999
-0.8,6,4.0,5.2,335,64,399,4.4,0.4,,Minnesota Vikings+,10,.625,1999
1.8,8,-0.1,0.1,323,-1,322,1.9,2.0,,Detroit Lions+,8,.500,1999
-0.9,8,1.0,2.5,341,16,357,1.6,0.6,,Green Bay Packers,8,.500,1999
1.0,10,-4.3,-3.0,341,-69,272,-2.0,2.3,,Chicago Bears,6,.375,1999
3.2,3,17.8,8.7,242,284,526,11.9,-5.9,,St. Louis Rams*,13,.813,1999
-4.0,8,2.5,3.0,381,40,421,-1.1,-3.6,,Carolina Panthers,8,.500,1999
-3.0,11,-5.9,-4.0,380,-95,285,-7.1,-1.1,,Atlanta Falcons,5,.313,1999
-6.8,12,-9.9,-4.5,453,-158,295,-11.3,-1.5,,San Francisco 49ers,4,.250,1999
-6.9,13,-10.9,-5.3,434,-174,260,-12.1,-1.3,,New Orleans Saints,3,.188,1999
7.1,5,6.1,0.0,226,97,323,7.1,1.0,,Miami Dolphins*,11,.688,2000
0.8,6,6.4,7.1,326,103,429,7.9,1.5,,Indianapolis Colts+,10,.625,2000
2.2,7,0.0,1.4,321,0,321,3.5,3.5,,New York Jets,9,.563,2000
-0.5,8,-2.2,0.5,350,-35,315,0.0,2.2,,Buffalo Bills,8,.500,2000
0.2,11,-3.9,-2.7,338,-62,276,-2.5,1.4,,New England Patriots,5,.313,2000
6.8,3,9.7,1.5,191,155,346,8.3,-1.3,,Tennessee Titans*,13,.813,2000
8.0,4,10.5,0.0,165,168,333,8.0,-2.5,,Baltimore Ravens+,12,.750,2000
3.3,7,4.1,0.6,255,66,321,3.9,-0.2,,Pittsburgh Steelers,9,.563,2000
-2.1,9,2.5,3.2,327,40,367,1.1,-1.4,,Jacksonville Jaguars,7,.438,2000
-2.4,12,-10.9,-8.1,359,-174,185,-10.5,0.4,,Cincinnati Bengals,4,.250,2000
-5.5,13,-16.1,-9.1,419,-258,161,-14.6,1.5,,Cleveland Browns,3,.188,2000
1.8,4,11.3,8.0,299,180,479,9.7,-1.5,,Oakland Raiders*,12,.750,2000
-2.7,5,7.3,7.8,369,116,485,5.0,-2.2,,Denver Broncos+,11,.688,2000
0.6,9,0.1,0.1,354,1,355,0.6,0.6,,Kansas City Chiefs,7,.438,2000
-2.3,10,-5.3,-1.4,405,-85,320,-3.7,1.6,,Seattle Seahawks,6,.375,2000
-4.4,15,-10.7,-3.7,440,-171,269,-8.1,2.6,,San Diego Chargers,1,.063,2000
3.8,4,5.1,-1.3,246,82,328,2.4,-2.7,,New York Giants*,12,.750,2000
2.1,5,6.6,1.0,245,106,351,3.1,-3.6,,Philadelphia Eagles+,11,.688,2000
3.8,8,0.8,-2.9,269,12,281,1.0,0.2,,Washington Redskins,8,.500,2000
-3.0,11,-4.2,-1.5,361,-67,294,-4.6,-0.4,,Dallas Cowboys,5,.313,2000
-8.1,13,-14.6,-7.2,443,-233,210,-15.2,-0.7,,Arizona Cardinals,3,.188,2000
-2.3,5,1.6,4.3,371,26,397,1.9,0.3,,Minnesota Vikings*,11,.688,2000
3.9,6,7.4,3.4,269,119,388,7.3,-0.1,,Tampa Bay Buccaneers+,10,.625,2000
0.7,7,1.9,1.8,323,30,353,2.5,0.6,,Green Bay Packers,9,.563,2000
1.5,7,0.0,-0.1,307,0,307,1.4,1.4,,Detroit Lions,9,.563,2000
0.1,11,-8.7,-6.4,355,-139,216,-6.3,2.4,,Chicago Bears,5,.313,2000
2.1,6,3.1,-1.2,305,49,354,0.9,-2.2,,New Orleans Saints*,10,.625,2000
-9.5,6,4.3,12.6,471,69,540,3.1,-1.2,,St. Louis Rams+,10,.625,2000
2.5,9,0.0,-3.6,310,0,310,-1.1,-1.1,,Carolina Panthers,7,.438,2000
-5.5,10,-2.1,1.7,422,-34,388,-3.8,-1.7,,San Francisco 49ers,6,.375,2000
-2.9,12,-10.1,-5.7,413,-161,252,-8.6,1.5,,Atlanta Falcons,4,.250,2000
3.1,5,6.2,1.2,272,99,371,4.3,-1.9,,New England Patriots*,11,.688,2001
3.1,5,3.4,-0.3,290,54,344,2.7,-0.7,,Miami Dolphins+,11,.688,2001
2.8,6,0.8,-2.0,295,13,308,0.8,0.0,,New York Jets+,10,.625,2001
-9.8,10,-4.6,6.1,486,-73,413,-3.8,0.8,,Indianapolis Colts,6,.375,2001
-5.7,13,-9.7,-3.9,420,-155,265,-9.5,0.2,,Buffalo Bills,3,.188,2001
5.8,3,8.8,1.5,212,140,352,7.4,-1.4,,Pittsburgh Steelers*,13,.813,2001
4.0,6,2.4,-0.8,265,38,303,3.2,0.8,,Baltimore Ravens+,10,.625,2001
0.1,9,-2.1,-0.9,319,-34,285,-0.8,1.3,,Cleveland Browns,7,.438,2001
-4.4,9,-3.3,2.4,388,-52,336,-2.0,1.2,,Tennessee Titans,7,.438,2001
2.0,10,0.5,-1.1,286,8,294,0.9,0.4,,Jacksonville Jaguars,6,.375,2001
1.0,10,-5.2,-4.5,309,-83,226,-3.5,1.7,,Cincinnati Bengals,6,.375,2001
-0.4,6,4.5,4.0,327,72,399,3.6,-0.9,,Oakland Raiders*,10,.625,2001
-0.4,7,-1.4,-1.4,324,-23,301,-1.9,-0.4,,Seattle Seahawks,9,.563,2001
-1.0,8,0.1,0.5,339,1,340,-0.5,-0.5,,Denver Broncos,8,.500,2001
-1.0,10,-1.5,-0.2,344,-24,320,-1.2,0.3,,Kansas City Chiefs,6,.375,2001
-0.6,11,0.7,0.3,321,11,332,-0.3,-1.0,,San Diego Chargers,5,.313,2001
6.8,5,8.4,0.9,208,135,343,7.7,-0.7,,Philadelphia Eagles*,11,.688,2001
0.4,8,-2.9,-4.0,303,-47,256,-3.7,-0.7,,Washington Redskins,8,.500,2001
0.0,9,-1.7,-1.8,321,-27,294,-1.8,-0.1,,New York Giants,7,.438,2001
-2.6,9,-3.0,-1.5,343,-48,295,-4.2,-1.2,,Arizona Cardinals,7,.438,2001
-1.5,11,-5.8,-4.5,338,-92,246,-6.0,-0.2,,Dallas Cowboys,5,.313,2001
7.1,3,8.4,0.9,203,135,338,7.9,-0.5,,Chicago Bears*,13,.813,2001
2.6,4,7.8,4.0,266,124,390,6.6,-1.1,,Green Bay Packers+,12,.750,2001
3.3,7,2.8,0.7,280,44,324,4.0,1.3,,Tampa Bay Buccaneers+,9,.563,2001
-3.9,11,-6.3,-0.8,390,-100,290,-4.7,1.5,,Minnesota Vikings,5,.313,2001
-5.2,14,-9.6,-2.0,424,-154,270,-7.2,2.4,,Detroit Lions,2,.125,2001
2.9,2,14.4,10.4,273,230,503,13.4,-1.0,,St. Louis Rams*,14,.875,2001
2.7,4,7.9,4.2,282,127,409,6.8,-1.1,,San Francisco 49ers+,12,.750,2001
-4.7,9,-4.8,-0.1,409,-76,333,-4.8,-0.1,,New Orleans Saints,7,.438,2001
-2.0,9,-5.4,-2.7,377,-86,291,-4.7,0.7,,Atlanta Falcons,7,.438,2001
-4.4,15,-9.8,-4.6,410,-157,253,-8.9,0.9,,Carolina Panthers,1,.063,2001
2.3,7,1.4,0.9,336,23,359,3.2,1.7,0,New York Jets*,9,.563,2002
1.9,7,2.2,2.1,346,35,381,4.0,1.8,0,New England Patriots,9,.563,2002
4.4,7,4.8,1.7,301,77,378,6.1,1.2,0,Miami Dolphins,9,.563,2002
-2.3,8,-1.1,2.1,397,-18,379,-0.3,0.9,0,Buffalo Bills,8,.500,2002
-0.4,5,2.8,3.1,345,45,390,2.7,-0.1,1,Pittsburgh Steelers*,10,.656,2002
1.7,7,1.5,-0.4,320,24,344,1.2,-0.3,0,Cleveland Browns+,9,.563,2002
-0.6,9,-2.4,-1.5,354,-38,316,-2.1,0.3,0,Baltimore Ravens,7,.438,2002
-6.9,14,-11.1,-3.6,456,-177,279,-10.5,0.6,0,Cincinnati Bengals,2,.125,2002
0.1,5,2.7,1.6,324,43,367,1.8,-0.9,0,Tennessee Titans*,11,.688,2002
0.7,6,2.3,0.4,313,36,349,1.2,-1.1,0,Indianapolis Colts+,10,.625,2002
1.1,10,0.8,-1.3,315,13,328,-0.2,-1.0,0,Jacksonville Jaguars,6,.375,2002
-1.1,12,-8.9,-8.4,356,-143,213,-9.4,-0.5,0,Houston Texans,4,.250,2002
4.3,5,9.1,6.3,304,146,450,10.6,1.5,0,Oakland Raiders*,11,.688,2002
1.9,7,3.0,3.0,344,48,392,4.9,1.9,0,Denver Broncos,9,.563,2002
0.2,8,-2.1,-1.0,367,-34,333,-0.7,1.4,0,San Diego Chargers,8,.500,2002
-2.3,8,4.3,8.4,399,68,467,6.1,1.9,0,Kansas City Chiefs,8,.500,2002
3.8,4,10.9,4.5,241,174,415,8.3,-2.6,0,Philadelphia Eagles*,12,.750,2002
3.0,6,2.6,-2.2,279,41,320,0.8,-1.7,0,New York Giants+,10,.625,2002
-2.2,9,-3.6,-2.2,365,-58,307,-4.5,-0.8,0,Washington Redskins,7,.438,2002
-0.3,11,-7.0,-8.2,329,-112,217,-8.5,-1.5,0,Dallas Cowboys,5,.313,2002
1.2,4,4.4,2.4,328,70,398,3.6,-0.8,0,Green Bay Packers*,12,.750,2002
-6.1,10,-3.3,3.1,442,-52,390,-3.0,0.2,0,Minnesota Vikings,6,.375,2002
-0.9,12,-6.1,-4.4,379,-98,281,-5.3,0.9,0,Chicago Bears,4,.250,2002
-6.7,13,-9.1,-2.5,451,-145,306,-9.2,-0.1,0,Detroit Lions,3,.188,2002
9.8,4,9.4,-1.0,196,150,346,8.8,-0.6,0,Tampa Bay Buccaneers*,12,.750,2002
1.5,6,5.5,3.5,314,88,402,5.1,-0.4,1,Atlanta Falcons+,9,.594,2002
-3.3,7,2.8,5.8,388,44,432,2.4,-0.3,0,New Orleans Saints,9,.563,2002
2.8,9,-2.8,-6.0,302,-44,258,-3.3,-0.5,0,Carolina Panthers,7,.438,2002
-0.1,6,1.0,0.7,351,16,367,0.6,-0.4,0,San Francisco 49ers*,10,.625,2002
-1.8,9,-3.3,-1.6,369,-53,316,-3.3,0.0,0,St. Louis Rams,7,.438,2002
-1.2,9,-0.9,0.0,369,-14,355,-1.3,-0.4,0,Seattle Seahawks,7,.438,2002
-4.5,11,-9.7,-5.4,417,-155,262,-9.9,-0.2,0,Arizona Cardinals,5,.313,2002
4.9,2,6.9,2.1,238,110,348,6.9,0.1,,New England Patriots*,14,.875,2003
4.1,6,3.1,-0.7,261,50,311,3.4,0.3,,Miami Dolphins,10,.625,2003
4.0,10,-2.3,-5.0,279,-36,243,-1.0,1.3,,Buffalo Bills,6,.375,2003
1.3,10,-1.0,-1.9,299,-16,283,-0.6,0.4,,New York Jets,6,.375,2003
3.0,6,6.9,3.3,281,110,391,6.3,-0.6,,Baltimore Ravens*,10,.625,2003
-3.5,8,-2.4,1.1,384,-38,346,-2.4,0.0,,Cincinnati Bengals,8,.500,2003
1.4,10,-1.7,-2.5,327,-27,300,-1.1,0.6,,Pittsburgh Steelers,6,.375,2003
2.4,11,-4.3,-5.3,322,-68,254,-2.9,1.3,,Cleveland Browns,5,.313,2003
-1.2,4,6.9,8.2,336,111,447,7.0,0.0,,Indianapolis Colts*,12,.750,2003
-0.5,4,6.9,7.0,324,111,435,6.5,-0.5,,Tennessee Titans+,12,.750,2003
0.9,11,-3.4,-3.3,331,-55,276,-2.4,1.0,,Jacksonville Jaguars,5,.313,2003
-1.5,11,-7.8,-4.4,380,-125,255,-6.0,1.9,,Houston Texans,5,.313,2003
-0.9,3,9.5,9.2,332,152,484,8.3,-1.2,,Kansas City Chiefs*,13,.813,2003
3.1,6,5.0,2.4,301,80,381,5.5,0.5,,Denver Broncos+,10,.625,2003
-1.3,12,-6.8,-4.2,379,-109,270,-5.5,1.3,,Oakland Raiders,4,.250,2003
-6.2,12,-8.0,-0.6,441,-128,313,-6.8,1.2,,San Diego Chargers,4,.250,2003
1.5,4,5.4,2.9,287,87,374,4.4,-1.0,,Philadelphia Eagles*,12,.750,2003
2.7,6,1.8,-3.2,260,29,289,-0.5,-2.3,,Dallas Cowboys+,10,.625,2003
-3.8,11,-5.3,-1.9,372,-85,287,-5.7,-0.4,,Washington Redskins,5,.313,2003
-3.7,12,-9.0,-4.8,387,-144,243,-8.6,0.4,,New York Giants,4,.250,2003
1.9,6,8.4,6.2,307,135,442,8.1,-0.3,,Green Bay Packers*,10,.625,2003
-1.1,7,3.9,4.0,353,63,416,2.9,-1.0,,Minnesota Vikings,9,.563,2003
0.7,9,-3.9,-4.2,346,-63,283,-3.5,0.4,,Chicago Bears,7,.438,2003
-1.6,11,-6.8,-4.3,379,-109,270,-5.8,1.0,,Detroit Lions,5,.313,2003
0.6,5,1.3,-1.5,304,21,325,-0.9,-2.2,,Carolina Panthers*,11,.688,2003
-0.4,8,0.9,0.1,326,14,340,-0.3,-1.1,,New Orleans Saints,8,.500,2003
4.5,9,2.3,-2.9,264,37,301,1.6,-0.7,,Tampa Bay Buccaneers,7,.438,2003
-5.4,11,-7.7,-2.0,422,-123,299,-7.4,0.3,,Atlanta Falcons,5,.313,2003
-0.2,4,7.4,6.0,328,119,447,5.9,-1.6,,St. Louis Rams*,12,.750,2003
0.5,6,4.8,3.6,327,77,404,4.1,-0.7,,Seattle Seahawks+,10,.625,2003
0.1,9,2.9,3.0,337,47,384,3.1,0.1,,San Francisco 49ers,7,.438,2003
-6.2,12,-14.2,-6.3,452,-227,225,-12.6,1.6,,Arizona Cardinals,4,.250,2003
6.5,2,11.1,6.4,260,177,437,12.8,1.8,,New England Patriots*,14,.875,2004
6.0,6,4.5,0.5,261,72,333,6.6,2.1,,New York Jets+,10,.625,2004
3.5,7,6.9,4.6,284,111,395,8.1,1.1,,Buffalo Bills,9,.563,2004
0.5,12,-4.9,-2.7,354,-79,275,-2.2,2.7,,Miami Dolphins,4,.250,2004
5.6,1,7.6,3.4,251,121,372,9.0,1.4,,Pittsburgh Steelers*,15,.938,2004
6.8,7,3.1,-0.6,268,49,317,6.1,3.1,,Baltimore Ravens,9,.563,2004
-1.6,8,0.1,4.3,372,2,374,2.7,2.5,,Cincinnati Bengals,8,.500,2004
-1.9,12,-7.1,-1.5,390,-114,276,-3.4,3.7,,Cleveland Browns,4,.250,2004
-0.3,4,10.7,11.7,351,171,522,11.4,0.7,,Indianapolis Colts*,12,.750,2004
6.4,7,-1.2,-5.7,280,-19,261,0.8,1.9,,Jacksonville Jaguars,9,.563,2004
1.8,9,-1.9,-2.4,339,-30,309,-0.6,1.2,,Houston Texans,7,.438,2004
-4.6,11,-5.9,0.3,439,-95,344,-4.4,1.5,,Tennessee Titans,5,.313,2004
3.0,4,8.3,6.1,313,133,446,9.1,0.8,,San Diego Chargers*,12,.750,2004
4.3,6,4.8,1.6,304,77,381,5.9,1.0,,Denver Broncos+,10,.625,2004
-4.7,9,3.0,10.0,435,48,483,5.3,2.3,,Kansas City Chiefs,7,.438,2004
-3.7,11,-7.6,-0.6,442,-122,320,-4.3,3.4,,Oakland Raiders,5,.313,2004
3.5,3,7.9,2.0,260,126,386,5.6,-2.3,,Philadelphia Eagles*,13,.813,2004
-1.6,10,-2.8,-2.3,347,-44,303,-3.9,-1.2,,New York Giants,6,.375,2004
-4.8,10,-7.0,-3.0,405,-112,293,-7.8,-0.8,,Dallas Cowboys,6,.375,2004
4.0,10,-1.6,-7.4,265,-25,240,-3.4,-1.8,,Washington Redskins,6,.375,2004
-4.0,6,2.8,4.3,380,44,424,0.3,-2.4,,Green Bay Packers*,10,.625,2004
-4.7,8,0.6,3.0,395,10,405,-1.7,-2.3,,Minnesota Vikings+,8,.500,2004
-1.4,10,-3.4,-3.8,350,-54,296,-5.2,-1.8,,Detroit Lions,6,.375,2004
0.3,11,-6.3,-8.5,331,-100,231,-8.2,-2.0,,Chicago Bears,5,.313,2004
-0.4,5,0.2,-1.8,337,3,340,-2.2,-2.4,,Atlanta Falcons*,11,.688,2004
-4.3,8,-3.6,-1.2,405,-57,348,-5.6,-2.0,,New Orleans Saints,8,.500,2004
0.1,9,1.0,-0.8,339,16,355,-0.7,-1.7,,Carolina Panthers,7,.438,2004
1.3,11,-0.2,-4.0,304,-3,301,-2.7,-2.5,,Tampa Bay Buccaneers,5,.313,2004
-3.3,7,-0.1,0.4,373,-2,371,-2.9,-2.8,,Seattle Seahawks*,9,.563,2004
-3.8,8,-4.6,-2.2,392,-73,319,-6.0,-1.4,,St. Louis Rams+,8,.500,2004
0.2,10,-2.4,-5.1,322,-38,284,-4.9,-2.5,,Arizona Cardinals,6,.375,2004
-8.6,14,-12.1,-5.1,452,-193,259,-13.6,-1.6,,San Francisco 49ers,2,.125,2004
-0.5,6,2.6,3.7,338,41,379,3.1,0.6,,New England Patriots*,10,.625,2005
0.3,7,0.1,-1.1,317,1,318,-0.8,-0.8,,Miami Dolphins,9,.563,2005
-1.8,11,-6.0,-4.0,367,-96,271,-5.8,0.2,,Buffalo Bills,5,.313,2005
-1.2,12,-7.2,-5.2,355,-115,240,-6.4,0.8,,New York Jets,4,.250,2005
-2.7,5,4.4,6.5,350,71,421,3.8,-0.6,,Cincinnati Bengals*,11,.688,2005
4.0,5,8.2,3.8,258,131,389,7.8,-0.4,,Pittsburgh Steelers+,11,.688,2005
1.7,10,-2.1,-3.5,299,-34,265,-1.8,0.3,,Baltimore Ravens,6,.375,2005
1.7,10,-4.3,-6.0,301,-69,232,-4.2,0.1,,Cleveland Browns,6,.375,2005
5.2,2,12.0,5.6,247,192,439,10.8,-1.2,,Indianapolis Colts*,14,.875,2005
3.7,4,5.8,1.1,269,92,361,4.8,-1.0,,Jacksonville Jaguars+,12,.750,2005
-5.5,12,-7.6,-2.0,421,-122,299,-7.6,0.1,,Tennessee Titans,4,.250,2005
-5.7,14,-10.7,-4.4,431,-171,260,-10.0,0.7,,Houston Texans,2,.125,2005
5.8,3,8.6,5.0,258,137,395,10.8,2.2,,Denver Broncos*,13,.813,2005
1.9,6,4.9,5.1,325,78,403,7.0,2.1,,Kansas City Chiefs,10,.625,2005
2.9,7,6.6,7.1,312,106,418,9.9,3.3,,San Diego Chargers,9,.563,2005
-1.6,12,-5.8,-1.2,383,-93,290,-2.8,3.0,,Oakland Raiders,4,.250,2005
1.7,5,6.8,5.8,314,108,422,7.5,0.7,,New York Giants*,11,.688,2005
3.4,6,4.1,2.6,293,66,359,6.0,1.9,,Washington Redskins+,10,.625,2005
3.2,7,1.1,-0.1,308,17,325,3.2,2.1,,Dallas Cowboys,9,.563,2005
-1.7,10,-4.9,-0.7,388,-78,310,-2.3,2.6,,Philadelphia Eagles,6,.375,2005
6.6,5,3.6,-5.2,202,58,260,1.4,-2.2,,Chicago Bears*,11,.688,2005
-2.1,7,-2.4,-1.4,344,-38,306,-3.5,-1.1,,Minnesota Vikings,9,.563,2005
-2.4,11,-5.7,-4.3,345,-91,254,-6.7,-1.0,,Detroit Lions,5,.313,2005
-2.2,12,-2.9,-1.5,344,-46,298,-3.7,-0.8,,Green Bay Packers,4,.250,2005
1.8,5,1.6,-2.8,274,26,300,-1.0,-2.6,,Tampa Bay Buccaneers*,11,.688,2005
2.1,5,8.3,3.0,259,132,391,5.1,-3.2,,Carolina Panthers+,11,.688,2005
-2.3,8,0.6,1.1,341,10,351,-1.2,-1.9,,Atlanta Falcons,8,.500,2005
-4.9,13,-10.2,-6.2,398,-163,235,-11.1,-0.9,,New Orleans Saints,3,.188,2005
3.4,3,11.3,5.8,271,181,452,9.1,-2.2,,Seattle Seahawks*,13,.813,2005
-6.4,10,-4.1,1.3,429,-66,363,-5.1,-1.0,,St. Louis Rams,6,.375,2005
-3.0,11,-4.8,-2.0,387,-76,311,-5.0,-0.2,,Arizona Cardinals,5,.313,2005
-5.5,12,-11.8,-5.6,428,-189,239,-11.1,0.7,,San Francisco 49ers,4,.250,2005
5.9,4,9.3,4.3,237,148,385,10.2,1.0,,New England Patriots*,12,.750,2006
1.7,6,1.3,0.4,295,21,316,2.0,0.7,,New York Jets+,10,.625,2006
2.4,9,-0.7,-0.2,311,-11,300,2.2,2.9,,Buffalo Bills,7,.438,2006
4.0,10,-1.4,-3.3,283,-23,260,0.7,2.1,,Miami Dolphins,6,.375,2006
7.8,3,9.5,1.5,201,152,353,9.3,-0.2,,Baltimore Ravens*,13,.813,2006
0.0,8,2.6,4.0,331,42,373,4.1,1.5,,Cincinnati Bengals,8,.500,2006
0.4,8,2.4,3.0,315,38,353,3.4,1.0,,Pittsburgh Steelers,8,.500,2006
-1.3,12,-7.4,-4.5,356,-118,238,-5.8,1.5,,Cleveland Browns,4,.250,2006
-1.1,4,4.2,6.9,360,67,427,5.9,1.7,,Indianapolis Colts*,12,.750,2006
-2.3,8,-4.8,1.0,400,-76,324,-1.3,3.5,,Tennessee Titans,8,.500,2006
4.9,8,6.1,2.6,274,97,371,7.5,1.4,,Jacksonville Jaguars,8,.500,2006
-1.3,10,-6.2,-3.2,366,-99,267,-4.5,1.7,,Houston Texans,6,.375,2006
0.2,2,11.8,10.0,303,189,492,10.2,-1.6,,San Diego Chargers*,14,.875,2006
0.6,7,1.0,0.4,315,16,331,1.0,0.0,,Kansas City Chiefs+,9,.563,2006
2.1,7,0.9,-0.8,305,14,319,1.3,0.4,,Denver Broncos,9,.563,2006
0.7,14,-10.3,-10.3,332,-164,168,-9.6,0.6,,Oakland Raiders,2,.125,2006
0.2,6,4.4,3.2,328,70,398,3.4,-1.0,,Philadelphia Eagles*,10,.625,2006
-1.3,7,4.7,5.0,350,75,425,3.7,-1.0,,Dallas Cowboys+,9,.563,2006
-1.1,8,-0.4,1.2,362,-7,355,0.1,0.5,,New York Giants+,8,.500,2006
-2.0,11,-4.3,-2.1,376,-69,307,-4.0,0.3,,Washington Redskins,5,.313,2006
3.0,3,10.8,4.9,255,172,427,7.9,-2.9,,Chicago Bears*,13,.813,2006
-2.1,8,-4.1,-2.3,366,-65,301,-4.4,-0.4,,Green Bay Packers,8,.500,2006
-0.4,10,-2.8,-3.7,327,-45,282,-4.1,-1.3,,Minnesota Vikings,6,.375,2006
-4.6,13,-5.8,-1.8,398,-93,305,-6.4,-0.5,,Detroit Lions,3,.188,2006
-0.9,6,5.7,4.9,322,91,413,4.0,-1.6,,New Orleans Saints*,10,.625,2006
1.5,8,-2.2,-4.2,305,-35,270,-2.7,-0.5,,Carolina Panthers,8,.500,2006
-0.2,9,-2.3,-2.8,328,-36,292,-3.0,-0.8,,Atlanta Falcons,7,.438,2006
-0.8,12,-8.9,-7.2,353,-142,211,-7.9,0.9,,Tampa Bay Buccaneers,4,.250,2006
-1.9,7,-0.4,-1.7,341,-6,335,-3.6,-3.2,,Seattle Seahawks*,9,.563,2006
-4.7,8,-0.9,0.8,381,-14,367,-4.0,-3.1,,St. Louis Rams,8,.500,2006
-5.2,9,-7.1,-3.5,412,-114,298,-8.7,-1.6,,San Francisco 49ers,7,.438,2006
-4.3,11,-4.7,-2.6,389,-75,314,-6.9,-2.2,,Arizona Cardinals,5,.313,2006
4.2,0,19.7,15.9,274,315,589,20.1,0.4,,New England Patriots*,16,1.000,2007
1.5,9,-6.4,-5.6,354,-102,252,-4.1,2.3,,Buffalo Bills,7,.438,2007
0.3,12,-5.4,-4.0,355,-87,268,-3.7,1.7,,New York Jets,4,.250,2007
-4.2,15,-10.6,-4.1,437,-170,267,-8.4,2.3,,Miami Dolphins,1,.063,2007
4.3,6,7.8,0.9,269,124,393,5.2,-2.5,,Pittsburgh Steelers*,10,.625,2007
-3.3,6,1.3,2.2,382,20,402,-1.1,-2.3,,Cleveland Browns,10,.625,2007
-4.0,9,-0.3,1.6,385,-5,380,-2.4,-2.1,,Cincinnati Bengals,7,.438,2007
-1.8,11,-6.8,-5.0,384,-109,275,-6.7,0.1,,Baltimore Ravens,5,.313,2007
5.4,3,11.8,6.6,262,188,450,12.0,0.3,,Indianapolis Colts*,13,.813,2007
2.0,5,6.7,4.8,304,107,411,6.8,0.1,,Jacksonville Jaguars+,11,.688,2007
3.6,6,0.3,-2.9,297,4,301,0.7,0.5,,Tennessee Titans+,10,.625,2007
-2.5,8,-0.3,2.5,384,-5,379,0.0,0.3,,Houston Texans,8,.500,2007
4.5,5,8.0,4.3,284,128,412,8.8,0.8,,San Diego Chargers*,11,.688,2007
-3.8,9,-5.6,-0.2,409,-89,320,-3.9,1.6,,Denver Broncos,7,.438,2007
1.9,12,-6.8,-7.4,335,-109,226,-5.5,1.4,,Kansas City Chiefs,4,.250,2007
-2.5,12,-7.2,-3.5,398,-115,283,-6.0,1.2,,Oakland Raiders,4,.250,2007
1.7,3,8.1,7.8,325,130,455,9.5,1.3,,Dallas Cowboys*,13,.813,2007
0.4,6,1.4,2.8,351,22,373,3.3,1.9,,New York Giants+,10,.625,2007
4.3,7,1.5,0.2,310,24,334,4.5,3.0,,Washington Redskins+,9,.563,2007
5.1,8,2.3,0.1,300,36,336,5.3,3.0,,Philadelphia Eagles,8,.500,2007
3.3,3,9.0,5.7,291,144,435,9.0,0.0,,Green Bay Packers*,13,.813,2007
2.4,8,3.4,1.4,311,54,365,3.8,0.4,,Minnesota Vikings,8,.500,2007
-5.0,9,-6.1,1.4,444,-98,346,-3.6,2.6,,Detroit Lions,7,.438,2007
1.4,9,-0.9,-0.2,348,-14,334,1.2,2.1,,Chicago Bears,7,.438,2007
3.6,7,4.0,-2.3,270,64,334,1.2,-2.8,,Tampa Bay Buccaneers*,9,.563,2007
-0.1,9,-5.0,-5.7,347,-80,267,-5.8,-0.8,,Carolina Panthers,7,.438,2007
-4.5,9,-0.6,1.9,388,-9,379,-2.5,-2.0,,New Orleans Saints,7,.438,2007
-4.8,12,-9.7,-5.8,414,-155,259,-10.6,-0.9,,Atlanta Falcons,4,.250,2007
0.9,6,6.4,0.8,291,102,393,1.8,-4.6,,Seattle Seahawks*,10,.625,2007
-5.9,8,0.3,1.9,399,5,404,-3.9,-4.3,,Arizona Cardinals,8,.500,2007
-2.0,11,-9.1,-9.9,364,-145,219,-11.9,-2.9,,San Francisco 49ers,5,.313,2007
-6.5,13,-10.9,-6.5,438,-175,263,-13.0,-2.0,,St. Louis Rams,3,.188,2007
1.8,5,1.8,-2.4,317,28,345,-0.5,-2.3,0,Miami Dolphins*,11,.688,2008
1.6,5,6.3,2.3,309,101,410,3.9,-2.4,0,New England Patriots,11,.688,2008
-1.9,7,3.1,2.2,356,49,405,0.2,-2.8,0,New York Jets,9,.563,2008
-0.6,9,-0.4,-2.8,342,-6,336,-3.3,-3.0,0,Buffalo Bills,7,.438,2008
8.2,4,7.8,1.6,223,124,347,9.8,2.0,0,Pittsburgh Steelers*,12,.750,2008
5.6,5,8.8,4.2,244,141,385,9.8,1.0,0,Baltimore Ravens+,11,.688,2008
-0.1,11,-10.0,-6.9,364,-160,204,-7.0,3.0,1,Cincinnati Bengals,4,.281,2008
0.6,12,-7.4,-5.2,350,-118,232,-4.6,2.7,0,Cleveland Browns,4,.250,2008
7.5,3,8.8,1.5,234,141,375,8.9,0.1,0,Tennessee Titans*,13,.813,2008
3.9,4,4.9,2.6,298,79,377,6.5,1.6,0,Indianapolis Colts+,12,.750,2008
-3.2,8,-1.8,2.8,394,-28,366,-0.4,1.4,0,Houston Texans,8,.500,2008
-0.4,11,-4.1,-2.1,367,-65,302,-2.5,1.6,0,Jacksonville Jaguars,5,.313,2008
0.0,8,5.8,5.0,347,92,439,5.0,-0.8,0,San Diego Chargers*,8,.500,2008
-6.5,8,-4.9,0.7,448,-78,370,-5.8,-0.9,0,Denver Broncos,8,.500,2008
-1.0,11,-7.8,-6.5,388,-125,263,-7.5,0.3,0,Oakland Raiders,5,.313,2008
-5.3,14,-9.3,-3.9,440,-149,291,-9.2,0.1,0,Kansas City Chiefs,2,.125,2008
2.8,4,8.3,5.5,294,133,427,8.4,0.1,0,New York Giants*,12,.750,2008
3.2,6,7.9,4.7,289,127,416,7.8,-0.1,1,Philadelphia Eagles+,9,.594,2008
-1.2,7,-0.2,1.7,365,-3,362,0.6,0.8,0,Dallas Cowboys,9,.563,2008
4.1,8,-1.9,-5.8,296,-31,265,-1.8,0.2,0,Washington Redskins,8,.500,2008
2.9,6,2.9,1.1,333,46,379,4.0,1.2,0,Minnesota Vikings*,10,.625,2008
1.0,7,1.6,1.1,350,25,375,2.1,0.5,0,Chicago Bears,9,.563,2008
-1.2,10,2.4,4.1,380,39,419,2.9,0.5,0,Green Bay Packers,6,.375,2008
-9.1,16,-15.6,-4.0,517,-249,268,-13.1,2.5,0,Detroit Lions,0,.000,2008
2.9,4,5.3,2.8,329,85,414,5.6,0.3,0,Carolina Panthers*,12,.750,2008
2.5,5,4.1,1.3,325,66,391,3.8,-0.3,0,Atlanta Falcons+,11,.688,2008
2.9,7,2.4,-0.6,323,38,361,2.3,-0.1,0,Tampa Bay Buccaneers,9,.563,2008
-2.8,8,4.4,6.8,393,70,463,4.0,-0.3,0,New Orleans Saints,8,.500,2008
-6.0,7,0.1,4.1,426,1,427,-1.9,-1.9,0,Arizona Cardinals*,9,.563,2008
-2.4,9,-2.6,-2.9,381,-42,339,-5.3,-2.7,0,San Francisco 49ers,7,.438,2008
-2.8,12,-6.1,-4.9,392,-98,294,-7.6,-1.5,0,Seattle Seahawks,4,.250,2008
-7.0,14,-14.6,-8.1,465,-233,232,-15.1,-0.5,0,St. Louis Rams,2,.125,2008
4.5,6,8.9,6.7,285,142,427,11.2,2.3,,New England Patriots*,10,.625,2009
7.5,7,7.0,1.1,236,112,348,8.6,1.6,,New York Jets+,9,.563,2009
-1.2,9,-1.9,2.9,390,-30,360,1.7,3.6,,Miami Dolphins,7,.438,2009
2.7,10,-4.3,-4.5,326,-68,258,-1.8,2.4,,Buffalo Bills,6,.375,2009
3.2,6,0.9,-2.5,291,14,305,0.7,-0.2,,Cincinnati Bengals*,10,.625,2009
4.9,7,8.1,2.6,261,130,391,7.5,-0.7,,Baltimore Ravens+,9,.563,2009
0.7,7,2.8,1.0,324,44,368,1.7,-1.1,,Pittsburgh Steelers,9,.563,2009
-2.4,11,-8.1,-6.0,375,-130,245,-8.4,-0.3,,Cleveland Browns,5,.313,2009
1.5,2,6.8,4.4,307,109,416,5.9,-0.9,,Indianapolis Colts*,14,.875,2009
-0.7,7,3.4,2.7,333,55,388,2.0,-1.5,,Houston Texans,9,.563,2009
-3.6,8,-3.0,0.9,402,-48,354,-2.8,0.2,,Tennessee Titans,8,.500,2009
-2.6,9,-5.6,-3.8,380,-90,290,-6.5,-0.9,,Jacksonville Jaguars,7,.438,2009
0.2,3,8.4,6.4,320,134,454,6.6,-1.7,,San Diego Chargers*,13,.813,2009
1.3,8,0.1,-1.0,324,2,326,0.3,0.2,,Denver Broncos,8,.500,2009
-1.6,11,-11.4,-8.7,379,-182,197,-10.3,1.1,,Oakland Raiders,5,.313,2009
-5.9,12,-8.1,-2.5,424,-130,294,-8.4,-0.3,,Kansas City Chiefs,4,.250,2009
6.7,5,6.9,0.4,250,111,361,7.1,0.2,,Dallas Cowboys*,11,.688,2009
0.2,5,5.8,5.8,337,92,429,6.0,0.2,,Philadelphia Eagles+,11,.688,2009
-4.5,8,-1.6,4.6,427,-25,402,0.1,1.6,,New York Giants,8,.500,2009
1.0,12,-4.4,-5.5,336,-70,266,-4.6,-0.2,,Washington Redskins,4,.250,2009
0.6,4,9.9,6.6,312,158,470,7.2,-2.7,,Minnesota Vikings*,12,.750,2009
1.1,5,10.3,6.3,297,164,461,7.4,-2.9,,Green Bay Packers+,11,.688,2009
-2.0,9,-3.0,-1.9,375,-48,327,-3.9,-0.9,,Chicago Bears,7,.438,2009
-9.2,14,-14.5,-5.2,494,-232,262,-14.4,0.1,,Detroit Lions,2,.125,2009
-0.5,3,10.6,11.2,341,169,510,10.8,0.2,,New Orleans Saints*,13,.813,2009
2.3,7,2.4,2.7,325,38,363,5.0,2.7,,Atlanta Falcons,9,.563,2009
4.5,8,0.4,-0.6,308,7,315,3.9,3.5,,Carolina Panthers,8,.500,2009
-1.1,13,-9.8,-4.6,400,-156,244,-5.6,4.1,,Tampa Bay Buccaneers,3,.188,2009
-0.4,6,3.1,0.1,325,50,375,-0.3,-3.4,,Arizona Cardinals*,10,.625,2009
3.0,8,3.1,-2.9,281,49,330,0.1,-3.0,,San Francisco 49ers,8,.500,2009
-4.4,11,-6.9,-5.0,390,-110,280,-9.3,-2.4,,Seattle Seahawks,5,.313,2009
-5.8,15,-16.3,-11.7,436,-261,175,-17.4,-1.1,,St. Louis Rams,1,.063,2009
2.8,2,12.8,12.6,313,205,518,15.4,2.6,,New England Patriots*,14,.875,2010
4.2,5,3.9,2.2,304,63,367,6.5,2.5,,New York Jets+,11,.688,2010
3.1,9,-3.8,-2.8,333,-60,273,0.3,4.1,,Miami Dolphins,7,.438,2010
-3.1,12,-8.9,-1.5,425,-142,283,-4.6,4.3,,Buffalo Bills,4,.250,2010
7.7,4,8.9,2.5,232,143,375,10.2,1.3,,Pittsburgh Steelers*,12,.750,2010
5.5,4,5.4,0.9,270,87,357,6.4,1.0,,Baltimore Ravens+,12,.750,2010
2.0,11,-3.8,-3.4,332,-61,271,-1.5,2.3,,Cleveland Browns,5,.313,2010
-1.9,12,-4.6,0.4,395,-73,322,-1.4,3.1,,Cincinnati Bengals,4,.250,2010
-0.9,6,2.9,3.7,388,47,435,2.9,-0.1,,Indianapolis Colts*,10,.625,2010
-3.3,8,-4.1,-1.2,419,-66,353,-4.5,-0.4,,Jacksonville Jaguars,8,.500,2010
-3.7,10,-2.3,1.8,427,-37,390,-1.8,0.5,,Houston Texans,6,.375,2010
1.9,10,1.1,-0.9,339,17,356,1.0,0.0,,Tennessee Titans,6,.375,2010
0.8,6,2.5,-1.5,326,40,366,-0.7,-3.2,,Kansas City Chiefs*,10,.625,2010
1.6,7,7.4,3.2,322,119,441,4.8,-2.6,,San Diego Chargers,9,.563,2010
-2.2,8,2.4,2.3,371,39,410,0.2,-2.3,,Oakland Raiders,8,.500,2010
-7.8,12,-7.9,-1.1,471,-127,344,-8.9,-1.0,,Denver Broncos,4,.250,2010
-1.2,6,3.9,5.4,377,62,439,4.2,0.3,,Philadelphia Eagles*,10,.625,2010
0.4,6,2.9,1.7,347,47,394,2.1,-0.8,,New York Giants,10,.625,2010
-4.7,10,-2.6,2.5,436,-42,394,-2.2,0.5,,Dallas Cowboys,6,.375,2010
-0.5,10,-4.7,-3.4,377,-75,302,-3.8,0.9,,Washington Redskins,6,.375,2010
4.7,5,3.0,-0.6,286,48,334,4.1,1.1,,Chicago Bears*,11,.688,2010
7.9,6,9.3,3.1,240,148,388,10.9,1.7,,Green Bay Packers+,10,.625,2010
-0.5,10,-0.4,2.4,369,-7,362,1.9,2.3,,Detroit Lions,6,.375,2010
1.7,10,-4.2,-3.3,348,-67,281,-1.6,2.6,,Minnesota Vikings,6,.375,2010
2.2,3,7.9,3.8,288,126,414,6.1,-1.8,,Atlanta Falcons*,13,.813,2010
0.8,5,4.8,1.5,307,77,384,2.3,-2.5,,New Orleans Saints+,11,.688,2010
0.4,6,1.4,-1.0,318,23,341,-0.6,-2.0,,Tampa Bay Buccaneers,10,.625,2010
-4.1,14,-13.3,-9.1,408,-212,196,-13.2,0.1,,Carolina Panthers,2,.125,2010
-5.5,9,-6.1,-3.9,407,-97,310,-9.4,-3.4,,Seattle Seahawks*,7,.438,2010
-0.4,9,-2.4,-6.3,328,-39,289,-6.7,-4.2,,St. Louis Rams,7,.438,2010
-1.1,10,-2.6,-4.7,346,-41,305,-5.8,-3.3,,San Francisco 49ers,6,.375,2010
-7.1,11,-9.1,-5.6,434,-145,289,-12.7,-3.6,,Arizona Cardinals,5,.313,2010
-0.1,3,10.7,9.4,342,171,513,9.3,-1.4,,New England Patriots*,13,.813,2011
-0.3,8,0.9,1.2,363,14,377,0.9,0.0,,New York Jets,8,.500,2011
3.2,10,1.0,-2.2,313,16,329,0.9,-0.1,,Miami Dolphins,6,.375,2011
-4.5,10,-3.9,1.2,434,-62,372,-3.4,0.5,,Buffalo Bills,6,.375,2011
3.5,4,7.0,2.6,266,112,378,6.1,-0.9,,Baltimore Ravens*,12,.750,2011
6.0,4,6.1,-0.8,227,98,325,5.3,-0.8,,Pittsburgh Steelers+,12,.750,2011
-0.2,7,1.3,0.7,323,21,344,0.5,-0.9,,Cincinnati Bengals+,9,.563,2011
1.8,12,-5.6,-7.2,307,-89,218,-5.4,0.2,,Cleveland Browns,4,.250,2011
3.2,6,6.4,1.4,278,103,381,4.5,-1.9,,Houston Texans*,10,.625,2011
1.2,7,0.5,-2.2,317,8,325,-1.0,-1.5,,Tennessee Titans,9,.563,2011
1.4,11,-5.4,-7.1,329,-86,243,-5.6,-0.3,,Jacksonville Jaguars,5,.313,2011
-5.3,14,-11.7,-6.0,430,-187,243,-11.3,0.4,,Indianapolis Colts,2,.125,2011
-1.7,8,-5.1,-3.6,390,-81,309,-5.3,-0.2,,Denver Broncos*,8,.500,2011
-1.8,8,1.8,2.7,377,29,406,0.9,-0.9,,San Diego Chargers,8,.500,2011
-5.1,8,-4.6,0.2,433,-74,359,-4.9,-0.3,,Oakland Raiders,8,.500,2011
2.1,9,-7.9,-10.2,338,-126,212,-8.1,-0.2,,Kansas City Chiefs,7,.438,2011
-1.5,7,-0.4,3.1,400,-6,394,1.6,2.0,,New York Giants*,9,.563,2011
1.7,8,4.3,3.1,328,68,396,4.7,0.5,,Philadelphia Eagles,8,.500,2011
0.9,8,1.4,0.7,347,22,369,1.6,0.3,,Dallas Cowboys,8,.500,2011
0.2,11,-4.9,-4.3,367,-79,288,-4.1,0.8,,Washington Redskins,5,.313,2011
-0.1,1,12.6,11.5,359,201,560,11.4,-1.2,,Green Bay Packers*,15,.938,2011
-0.8,6,5.4,6.9,387,87,474,6.1,0.6,,Detroit Lions+,10,.625,2011
3.1,8,0.8,-1.5,341,12,353,1.7,0.9,,Chicago Bears,8,.500,2011
-4.1,13,-6.8,-1.6,449,-109,340,-5.7,1.1,,Minnesota Vikings,3,.188,2011
0.8,3,13.0,10.6,339,208,547,11.4,-1.6,,New Orleans Saints*,13,.813,2011
1.7,6,3.3,1.8,350,52,402,3.5,0.3,,Atlanta Falcons+,10,.625,2011
-3.9,10,-1.4,2.6,429,-23,406,-1.3,0.1,,Carolina Panthers,6,.375,2011
-6.6,12,-12.9,-4.0,494,-207,287,-10.6,2.3,,Tampa Bay Buccaneers,4,.250,2011
6.6,3,9.4,1.7,229,151,380,8.3,-1.1,,San Francisco 49ers*,13,.813,2011
-0.5,8,-2.3,-1.7,348,-36,312,-2.2,0.0,,Arizona Cardinals,8,.500,2011
1.3,9,0.4,-0.5,315,6,321,0.8,0.4,,Seattle Seahawks,7,.438,2011
-2.1,14,-13.4,-8.4,407,-214,193,-10.4,2.9,,St. Louis Rams,2,.125,2011
0.5,4,14.1,12.2,331,226,557,12.8,-1.4,0,New England Patriots*,12,.750,2012
2.9,9,-1.8,-5.5,317,-29,288,-2.6,-0.8,0,Miami Dolphins,7,.438,2012
-0.9,10,-5.9,-5.1,375,-94,281,-5.9,0.0,0,New York Jets,6,.375,2012
-5.8,10,-5.7,-0.9,435,-91,344,-6.7,-1.0,0,Buffalo Bills,6,.375,2012
1.0,6,3.4,1.9,344,54,398,2.9,-0.5,0,Baltimore Ravens*,10,.625,2012
0.9,6,4.4,1.2,320,71,391,2.1,-2.4,0,Cincinnati Bengals+,10,.625,2012
2.1,8,1.4,-2.8,314,22,336,-0.7,-2.0,0,Pittsburgh Steelers,8,.500,2012
-0.7,11,-4.1,-4.6,368,-66,302,-5.3,-1.2,0,Cleveland Browns,5,.313,2012
1.7,4,5.3,1.8,331,85,416,3.5,-1.8,0,Houston Texans*,12,.750,2012
-2.8,5,-1.9,-1.9,387,-30,357,-4.7,-2.8,0,Indianapolis Colts+,11,.688,2012
-7.4,10,-8.8,-2.6,471,-141,330,-10.0,-1.2,0,Tennessee Titans,6,.375,2012
-4.9,14,-11.8,-8.1,444,-189,255,-13.0,-1.1,0,Jacksonville Jaguars,2,.125,2012
3.8,3,12.0,6.3,289,192,481,10.1,-1.9,0,Denver Broncos*,13,.813,2012
-0.4,9,0.0,-2.0,350,0,350,-2.3,-2.3,0,San Diego Chargers,7,.438,2012
-6.2,12,-9.6,-4.6,443,-153,290,-10.8,-1.3,0,Oakland Raiders,4,.250,2012
-3.7,14,-13.4,-10.3,425,-214,211,-14.0,-0.6,0,Kansas City Chiefs,2,.125,2012
-1.2,6,3.0,4.6,388,48,436,3.4,0.4,0,Washington Redskins*,10,.625,2012
2.2,7,5.3,4.0,344,85,429,6.2,0.9,0,New York Giants,9,.563,2012
-1.2,8,-1.5,1.4,400,-24,376,0.3,1.8,0,Dallas Cowboys,8,.500,2012
-3.6,12,-10.3,-5.3,444,-164,280,-8.9,1.4,0,Philadelphia Eagles,4,.250,2012
2.4,5,6.1,4.9,336,97,433,7.3,1.2,0,Green Bay Packers*,11,.688,2012
1.8,6,1.9,1.6,348,31,379,3.4,1.4,0,Minnesota Vikings+,10,.625,2012
6.0,6,6.1,1.0,277,98,375,6.9,0.8,0,Chicago Bears,10,.625,2012
-4.4,12,-4.1,2.1,437,-65,372,-2.3,1.8,0,Detroit Lions,4,.250,2012
4.5,3,7.5,2.0,299,120,419,6.4,-1.1,0,Atlanta Falcons*,13,.813,2012
1.3,9,-0.4,-0.5,363,-6,357,0.8,1.2,0,Carolina Panthers,7,.438,2012
-5.1,9,0.4,6.5,454,7,461,1.4,1.0,0,New Orleans Saints,7,.438,2012
-1.3,9,-0.3,1.3,394,-5,389,0.0,0.3,0,Tampa Bay Buccaneers,7,.438,2012
6.7,4,7.8,3.5,273,124,397,10.2,2.5,1,San Francisco 49ers*,11,.719,2012
7.7,5,10.4,4.5,245,167,412,12.2,1.8,0,Seattle Seahawks+,11,.688,2012
2.4,8,-3.1,-2.1,348,-49,299,0.4,3.4,1,St. Louis Rams,7,.469,2012
1.6,11,-6.7,-4.8,357,-107,250,-3.2,3.5,0,Arizona Cardinals,5,.313,2012
1.4,4,6.6,4.5,338,106,444,5.9,-0.7,0,New England Patriots*,12,.750,2013
-1.4,8,-6.1,-4.7,387,-97,290,-6.1,0.0,0,New York Jets,8,.500,2013
2.1,8,-1.1,-2.9,335,-18,317,-0.8,0.3,0,Miami Dolphins,8,.500,2013
-1.9,10,-3.1,-1.3,388,-49,339,-3.2,-0.1,0,Buffalo Bills,6,.375,2013
3.0,5,7.8,2.3,305,125,430,5.4,-2.5,0,Cincinnati Bengals*,11,.688,2013
-1.0,8,0.6,-0.9,370,9,379,-2.0,-2.5,0,Pittsburgh Steelers,8,.500,2013
1.4,8,-2.0,-5.0,352,-32,320,-3.5,-1.5,0,Baltimore Ravens,8,.500,2013
-2.9,12,-6.1,-4.8,406,-98,308,-7.7,-1.6,0,Cleveland Browns,4,.250,2013
2.3,5,3.4,1.7,336,55,391,4.0,0.6,0,Indianapolis Colts*,11,.688,2013
-0.6,9,-1.2,-0.2,381,-19,362,-0.8,0.4,0,Tennessee Titans,7,.438,2013
-4.0,12,-12.6,-7.1,449,-202,247,-11.1,1.5,0,Jacksonville Jaguars,4,.250,2013
-2.6,14,-9.5,-5.0,428,-152,276,-7.6,1.9,0,Houston Texans,2,.125,2013
-2.7,3,12.9,14.1,399,207,606,11.4,-1.6,0,Denver Broncos*,13,.813,2013
4.3,5,7.8,1.7,305,125,430,6.1,-1.7,0,Kansas City Chiefs+,11,.688,2013
2.1,7,3.0,0.5,348,48,396,2.7,-0.3,0,San Diego Chargers+,9,.563,2013
-4.2,12,-8.2,-3.8,453,-131,322,-8.0,0.2,0,Oakland Raiders,4,.250,2013
-0.5,6,3.8,2.3,382,60,442,1.9,-1.9,0,Philadelphia Eagles*,10,.625,2013
-3.4,8,0.4,2.7,432,7,439,-0.7,-1.1,0,Dallas Cowboys,8,.500,2013
0.8,9,-5.6,-6.2,383,-89,294,-5.4,0.2,0,New York Giants,7,.438,2013
-5.4,13,-9.0,-3.9,478,-144,334,-9.3,-0.3,0,Washington Redskins,3,.188,2013
-3.6,7,-0.7,0.5,428,-11,417,-3.1,-2.4,1,Green Bay Packers*,8,.531,2013
-7.1,8,-2.1,3.0,478,-33,445,-4.1,-2.1,0,Chicago Bears,8,.500,2013
-0.5,9,1.2,-1.2,376,19,395,-1.6,-2.8,0,Detroit Lions,7,.438,2013
-6.9,10,-5.6,0.2,480,-89,391,-6.6,-1.1,1,Minnesota Vikings,5,.344,2013
8.6,4,7.8,0.6,241,125,366,9.2,1.4,0,Carolina Panthers*,12,.750,2013
5.0,5,6.9,3.8,304,110,414,8.8,1.9,0,New Orleans Saints+,11,.688,2013
-3.9,12,-5.6,1.2,443,-90,353,-2.8,2.9,0,Atlanta Falcons,4,.250,2013
0.3,12,-6.3,-2.9,389,-101,288,-2.7,3.6,0,Tampa Bay Buccaneers,4,.250,2013
8.9,3,11.6,4.1,231,186,417,13.0,1.4,0,Seattle Seahawks*,13,.813,2013
6.6,4,8.4,3.5,272,134,406,10.1,1.8,0,San Francisco 49ers+,12,.750,2013
3.7,6,3.4,2.7,324,55,379,6.4,3.0,0,Arizona Cardinals,10,.625,2013
1.8,9,-1.0,0.4,364,-16,348,2.2,3.2,0,St. Louis Rams,7,.438,2013
3.5,4,9.7,7.5,313,155,468,10.9,1.3,0,New England Patriots*,12,.750,2014
5.3,7,3.4,-0.4,289,54,343,4.9,1.6,0,Buffalo Bills,9,.563,2014
-0.4,8,0.9,2.9,373,15,388,2.6,1.6,0,Miami Dolphins,8,.500,2014
-1.0,12,-7.4,-4.0,401,-118,283,-5.0,2.3,0,New York Jets,4,.250,2014
-2.1,5,4.3,4.4,368,68,436,2.2,-2.0,0,Pittsburgh Steelers*,11,.688,2014
1.3,5,1.3,-0.5,344,21,365,0.7,-0.6,1,Cincinnati Bengals+,10,.656,2014
2.8,6,6.7,1.8,302,107,409,4.6,-2.1,0,Baltimore Ravens+,10,.625,2014
0.9,9,-2.4,-4.8,337,-38,299,-3.9,-1.5,0,Cleveland Browns,7,.438,2014
-0.8,5,5.6,5.2,369,89,458,4.4,-1.1,0,Indianapolis Colts*,11,.688,2014
2.5,7,4.1,-0.8,307,65,372,1.7,-2.3,0,Houston Texans,9,.563,2014
-2.7,13,-10.2,-7.8,412,-163,249,-10.5,-0.3,0,Jacksonville Jaguars,3,.188,2014
-4.9,14,-11.5,-7.0,438,-184,254,-11.8,-0.3,0,Tennessee Titans,2,.125,2014
0.4,4,8.0,9.2,354,128,482,9.6,1.6,0,Denver Broncos*,12,.750,2014
1.2,7,0.0,0.7,348,0,348,1.9,1.9,0,San Diego Chargers,9,.563,2014
5.7,7,4.5,0.0,281,72,353,5.7,1.2,0,Kansas City Chiefs,9,.563,2014
-4.7,13,-12.4,-4.3,452,-199,253,-9.0,3.4,0,Oakland Raiders,3,.188,2014
0.1,4,7.2,5.3,352,115,467,5.4,-1.8,0,Dallas Cowboys*,12,.750,2014
-2.7,6,4.6,6.6,400,74,474,3.9,-0.7,0,Philadelphia Eagles,10,.625,2014
-2.5,10,-1.3,0.8,400,-20,380,-1.7,-0.4,0,New York Giants,6,.375,2014
-4.7,12,-8.6,-4.0,438,-137,301,-8.7,-0.2,0,Washington Redskins,4,.250,2014
0.4,4,8.6,7.9,348,138,486,8.3,-0.3,0,Green Bay Packers*,12,.750,2014
5.2,5,2.4,-3.2,282,39,321,2.1,-0.4,0,Detroit Lions+,11,.688,2014
1.1,9,-1.1,-2.8,343,-18,325,-1.7,-0.5,0,Minnesota Vikings,7,.438,2014
-4.7,11,-7.7,-2.0,442,-123,319,-6.7,1.0,0,Chicago Bears,5,.313,2014
-0.7,8,-2.2,-2.4,374,-35,339,-3.1,-0.9,1,Carolina Panthers*,7,.469,2014
-4.8,9,-1.4,1.9,424,-23,401,-2.9,-1.5,0,New Orleans Saints,7,.438,2014
-4.4,10,-2.3,0.6,417,-36,381,-3.8,-1.6,0,Atlanta Falcons,6,.375,2014
-3.3,14,-8.3,-6.5,410,-133,277,-9.8,-1.5,0,Tampa Bay Buccaneers,2,.125,2014
7.1,4,8.8,2.4,254,140,394,9.5,0.8,0,Seattle Seahawks*,12,.750,2014
4.4,5,0.7,-2.4,299,11,310,2.0,1.3,0,Arizona Cardinals+,11,.688,2014
2.1,8,-2.1,-3.0,340,-34,306,-1.0,1.2,0,San Francisco 49ers,8,.500,2014
0.4,10,-1.9,-1.2,354,-30,324,-0.8,1.0,0,St. Louis Rams,6,.375,2014
1.7,4,9.4,5.3,315,150,465,7.0,-2.4,,New England Patriots*,12,.750,2015
2.0,6,4.6,-0.5,314,73,387,1.5,-3.0,,New York Jets,10,.625,2015
-0.2,8,1.3,0.3,359,20,379,0.0,-1.2,,Buffalo Bills,8,.500,2015
-2.2,10,-4.9,-4.7,389,-79,310,-6.8,-1.9,,Miami Dolphins,6,.375,2015
5.8,4,8.8,4.8,279,140,419,10.6,1.9,,Cincinnati Bengals*,12,.750,2015
3.6,6,6.5,5.1,319,104,423,8.7,2.2,,Pittsburgh Steelers+,10,.625,2015
-1.2,11,-4.6,-0.7,401,-73,328,-1.9,2.6,,Baltimore Ravens,5,.313,2015
-2.9,13,-9.6,-3.2,432,-154,278,-6.1,3.5,,Cleveland Browns,3,.188,2015
2.6,7,1.6,-3.3,313,26,339,-0.8,-2.4,,Houston Texans*,9,.563,2015
-3.6,8,-4.7,-3.1,408,-75,333,-6.7,-2.0,,Indianapolis Colts,8,.500,2015
-6.9,11,-4.5,-0.7,448,-72,376,-7.5,-3.0,,Jacksonville Jaguars,5,.313,2015
-4.6,13,-7.8,-5.9,423,-124,299,-10.5,-2.8,,Tennessee Titans,3,.188,2015
5.5,4,3.7,0.3,296,59,355,5.8,2.1,,Denver Broncos*,12,.750,2015
5.3,5,7.4,3.7,287,118,405,9.0,1.6,,Kansas City Chiefs+,11,.688,2015
-1.6,9,-2.5,1.4,399,-40,359,-0.2,2.3,,Oakland Raiders,7,.438,2015
-1.1,12,-4.9,-1.5,398,-78,320,-2.6,2.2,,San Diego Chargers,4,.250,2015
-1.8,7,0.6,-0.2,379,9,388,-1.9,-2.5,,Washington Redskins*,9,.563,2015
-4.0,9,-3.3,-0.6,430,-53,377,-4.6,-1.3,,Philadelphia Eagles,7,.438,2015
-6.1,10,-1.4,2.5,442,-22,420,-3.6,-2.2,,New York Giants,6,.375,2015
0.1,12,-6.2,-7.0,374,-99,275,-6.9,-0.7,,Dallas Cowboys,4,.250,2015
4.7,5,3.9,1.1,302,63,365,5.8,1.9,,Minnesota Vikings*,11,.688,2015
3.3,6,2.8,2.0,323,45,368,5.3,2.5,,Green Bay Packers+,10,.625,2015
-1.3,9,-2.6,1.0,400,-42,358,-0.2,2.4,,Detroit Lions,7,.438,2015
-1.2,10,-3.9,-0.1,397,-62,335,-1.3,2.6,,Chicago Bears,6,.375,2015
2.1,1,12.0,6.0,308,192,500,8.1,-3.9,,Carolina Panthers*,15,.938,2015
0.3,8,-0.4,-4.0,345,-6,339,-3.8,-3.4,,Atlanta Falcons,8,.500,2015
-7.6,9,-4.3,1.1,476,-68,408,-6.6,-2.3,,New Orleans Saints,7,.438,2015
-4.2,10,-4.7,-3.5,417,-75,342,-7.7,-3.0,,Tampa Bay Buccaneers,6,.375,2015
3.4,3,11.0,9.0,313,176,489,12.3,1.3,,Arizona Cardinals*,13,.813,2015
6.0,6,9.1,5.4,277,146,423,11.3,2.2,,Seattle Seahawks+,10,.625,2015
3.6,9,-3.1,-3.8,330,-50,280,-0.2,3.0,,St. Louis Rams,7,.438,2015
0.5,11,-9.3,-6.0,387,-149,238,-5.5,3.8,,San Francisco 49ers,5,.313,2015
5.0,2,11.9,4.3,250,191,441,9.3,-2.7,0,New England Patriots*,14,.875,2016
-1.8,6,-1.1,-0.6,380,-17,363,-2.4,-1.3,0,Miami Dolphins+,10,.625,2016
-2.2,9,1.3,1.8,378,21,399,-0.3,-1.6,0,Buffalo Bills,7,.438,2016
-3.0,11,-8.4,-5.5,409,-134,275,-8.5,-0.1,0,New York Jets,5,.313,2016
2.0,5,4.5,2.8,327,72,399,4.7,0.2,0,Pittsburgh Steelers*,11,.688,2016
2.6,8,1.4,-1.1,321,22,343,1.5,0.2,0,Baltimore Ravens,8,.500,2016
2.5,9,0.6,-1.5,315,10,325,1.0,0.4,1,Cincinnati Bengals,6,.406,2016
-4.9,15,-11.8,-5.2,452,-188,264,-10.1,1.7,0,Cleveland Browns,1,.063,2016
2.7,7,-3.1,-5.3,328,-49,279,-2.6,0.4,0,Houston Texans*,9,.563,2016
-1.7,7,0.2,0.7,378,3,381,-1.0,-1.2,0,Tennessee Titans,9,.563,2016
-2.7,8,1.2,3.1,392,19,411,0.4,-0.8,0,Indianapolis Colts,8,.500,2016
-2.3,13,-5.1,-2.7,400,-82,318,-5.0,0.2,0,Jacksonville Jaguars,3,.188,2016
4.4,4,4.9,1.2,311,78,389,5.6,0.7,0,Kansas City Chiefs*,12,.750,2016
-0.3,4,1.9,3.5,385,31,416,3.3,1.3,0,Oakland Raiders+,12,.750,2016
6.1,7,2.3,-2.0,297,36,333,4.0,1.8,0,Denver Broncos,9,.563,2016
-3.0,11,-0.8,3.0,423,-13,410,0.1,0.9,0,San Diego Chargers,5,.313,2016
2.9,3,7.2,4.1,306,115,421,7.0,-0.2,0,Dallas Cowboys*,13,.813,2016
5.4,5,1.6,-3.2,284,26,310,2.1,0.5,0,New York Giants+,11,.688,2016
-1.3,7,0.8,3.3,383,13,396,2.0,1.2,1,Washington Redskins,8,.531,2016
2.5,9,2.3,1.3,331,36,367,3.8,1.6,0,Philadelphia Eagles,7,.438,2016
-2.0,6,2.8,4.9,388,44,432,2.8,0.1,0,Green Bay Packers*,10,.625,2016
-0.1,7,-0.8,-1.3,358,-12,346,-1.4,-0.6,0,Detroit Lions+,9,.563,2016
3.6,8,1.3,-2.6,307,20,327,0.9,-0.3,0,Minnesota Vikings,8,.500,2016
-2.3,13,-7.5,-5.2,399,-120,279,-7.5,0.0,0,Chicago Bears,3,.188,2016
-2.0,5,8.4,10.5,406,134,540,8.5,0.1,0,Atlanta Falcons*,11,.688,2016
1.3,7,-0.9,-1.5,369,-15,354,-0.2,0.7,0,Tampa Bay Buccaneers,9,.563,2016
-5.3,9,0.9,6.8,454,15,469,1.5,0.6,0,New Orleans Saints,7,.438,2016
-0.8,10,-2.1,-0.2,402,-33,369,-1.0,1.1,0,Carolina Panthers,6,.375,2016
4.5,5,3.9,-2.4,292,62,354,2.1,-1.7,1,Seattle Seahawks*,10,.656,2016
-0.8,8,3.5,2.4,362,56,418,1.6,-1.9,1,Arizona Cardinals,7,.469,2016
-1.6,12,-10.6,-9.5,394,-170,224,-11.1,-0.5,0,Los Angeles Rams,4,.250,2016
-7.5,14,-10.7,-3.7,480,-171,309,-11.2,-0.5,0,San Francisco 49ers,2,.125,2016
2.6,3,10.1,6.3,296,162,458,8.9,-1.2,,New England Patriots*,13,.813,2017
-1.0,7,-3.6,-3.0,359,-57,302,-4.0,-0.5,,Buffalo Bills+,9,.563,2017
-2.4,10,-7.0,-3.9,393,-112,281,-6.3,0.7,,Miami Dolphins,6,.375,2017
-2.1,11,-5.3,-2.9,382,-84,298,-4.9,0.3,,New York Jets,5,.313,2017
1.8,3,6.1,3.2,308,98,406,5.0,-1.1,,Pittsburgh Steelers*,13,.813,2017
1.2,7,5.8,2.2,303,92,395,3.4,-2.4,,Baltimore Ravens,9,.563,2017
-0.9,9,-3.7,-4.1,349,-59,290,-5.0,-1.3,,Cincinnati Bengals,7,.438,2017
-4.1,16,-11.0,-6.8,410,-176,234,-11.0,0.0,,Cleveland Browns,0,.000,2017
3.6,6,9.3,3.0,268,149,417,6.5,-2.8,,Jacksonville Jaguars*,10,.625,2017
-1.5,7,-1.4,-2.0,356,-22,334,-3.5,-2.1,,Tennessee Titans+,9,.563,2017
-4.0,12,-8.8,-6.1,404,-141,263,-10.1,-1.3,,Indianapolis Colts,4,.250,2017
-5.6,12,-6.1,-0.8,436,-98,338,-6.4,-0.3,,Houston Texans,4,.250,2017
-0.3,6,4.8,3.8,339,76,415,3.4,-1.3,,Kansas City Chiefs*,10,.625,2017
4.0,7,5.2,-0.3,272,83,355,3.6,-1.5,,Los Angeles Chargers,9,.563,2017
-1.8,10,-4.5,-3.0,373,-72,301,-4.7,-0.2,,Oakland Raiders,6,.375,2017
-2.9,11,-5.8,-3.9,382,-93,289,-6.7,-0.9,,Denver Broncos,5,.313,2017
2.5,3,10.1,7.0,295,162,457,9.4,-0.7,,Philadelphia Eagles*,13,.813,2017
1.2,7,1.4,0.4,332,22,354,1.6,0.2,,Dallas Cowboys,9,.563,2017
-1.8,9,-2.9,0.5,388,-46,342,-1.3,1.6,,Washington Redskins,7,.438,2017
-1.2,13,-8.9,-6.4,388,-142,246,-7.6,1.3,,New York Giants,3,.188,2017
6.8,3,8.1,2.3,252,130,382,9.1,1.0,,Minnesota Vikings*,13,.813,2017
-2.5,7,2.1,5.2,376,34,410,2.7,0.6,,Detroit Lions,9,.563,2017
-1.6,9,-4.0,-0.3,384,-64,320,-1.9,2.1,,Green Bay Packers,7,.438,2017
3.3,11,-3.5,-4.6,320,-56,264,-1.3,2.2,,Chicago Bears,5,.313,2017
2.2,5,7.6,7.0,326,122,448,9.2,1.5,,New Orleans Saints*,11,.688,2017
2.7,5,2.3,1.7,327,36,363,4.3,2.1,,Carolina Panthers+,11,.688,2017
3.2,6,2.4,1.1,315,38,353,4.3,1.9,,Atlanta Falcons+,10,.625,2017
-1.7,11,-2.9,0.4,382,-47,335,-1.3,1.7,,Tampa Bay Buccaneers,5,.313,2017
1.0,5,9.3,8.2,329,149,478,9.2,-0.2,,Los Angeles Rams*,11,.688,2017
1.2,7,2.1,0.7,332,34,366,1.9,-0.2,,Seattle Seahawks,9,.563,2017
0.2,8,-4.1,-4.0,361,-66,295,-3.7,0.4,,Arizona Cardinals,8,.500,2017
-2.1,10,-3.3,-0.8,383,-52,331,-2.9,0.4,,San Francisco 49ers,6,.375,2017
2.1,5,6.9,3.1,325,111,436,5.2,-1.8,0,New England Patriots*,11,.688,2018
-5.2,9,-7.1,-3.6,433,-114,319,-8.8,-1.7,0,Miami Dolphins,7,.438,2018
-0.6,10,-6.6,-6.3,374,-105,269,-6.9,-0.3,0,Buffalo Bills,6,.375,2018
-5.9,12,-6.8,-2.0,441,-108,333,-7.8,-1.1,0,New York Jets,4,.250,2018
6.4,6,6.4,0.6,287,102,389,7.0,0.6,0,Baltimore Ravens*,10,.625,2018
1.7,6,4.3,3.9,360,68,428,5.6,1.3,1,Pittsburgh Steelers,9,.594,2018
0.6,8,-2.1,-1.0,392,-33,359,-0.3,1.7,1,Cleveland Browns,7,.469,2018
-3.4,10,-5.4,0.0,455,-87,368,-3.4,2.0,0,Cincinnati Bengals,6,.375,2018
1.4,5,5.4,2.4,316,86,402,3.8,-1.5,0,Houston Texans*,11,.688,2018
-0.6,6,5.6,3.9,344,89,433,3.4,-2.2,0,Indianapolis Colts+,10,.625,2018
3.5,7,0.4,-3.2,303,7,310,0.2,-0.2,0,Tennessee Titans,9,.563,2018
4.0,11,-4.4,-8.1,316,-71,245,-4.0,0.4,0,Jacksonville Jaguars,5,.313,2018
-3.8,4,9.0,12.6,421,144,565,8.9,-0.1,0,Kansas City Chiefs*,12,.750,2018
2.9,4,6.2,3.0,329,99,428,6.0,-0.2,0,Los Angeles Chargers+,12,.750,2018
3.1,10,-1.3,-3.6,349,-20,329,-0.5,0.7,0,Denver Broncos,6,.375,2018
-4.1,12,-11.1,-5.2,467,-177,290,-9.3,1.8,0,Oakland Raiders,4,.250,2018
2.9,6,0.9,-1.9,324,15,339,1.1,0.2,0,Dallas Cowboys*,10,.625,2018
1.8,7,1.2,0.0,348,19,367,1.7,0.5,0,Philadelphia Eagles+,9,.563,2018
0.6,9,-4.9,-5.6,359,-78,281,-4.9,-0.1,0,Washington Redskins,7,.438,2018
-2.9,11,-2.7,0.8,412,-43,369,-2.2,0.5,0,New York Giants,5,.313,2018
4.8,4,8.6,1.5,283,138,421,6.3,-2.3,0,Chicago Bears*,12,.750,2018
1.8,7,1.2,-1.2,341,19,360,0.6,-0.6,1,Minnesota Vikings,8,.531,2018
-2.7,9,-1.5,0.0,400,-24,376,-2.7,-1.2,1,Green Bay Packers,6,.406,2018
0.3,10,-2.3,-3.3,360,-36,324,-3.0,-0.8,0,Detroit Lions,6,.375,2018
2.2,3,9.4,7.9,353,151,504,10.1,0.6,0,New Orleans Saints*,13,.813,2018
-2.6,9,-0.6,2.5,423,-9,414,-0.1,0.4,0,Atlanta Falcons,7,.438,2018
0.8,9,-0.4,0.1,382,-6,376,0.9,1.3,0,Carolina Panthers,7,.438,2018
-4.6,11,-4.3,2.0,464,-68,396,-2.6,1.7,0,Tampa Bay Buccaneers,5,.313,2018
-1.1,3,8.9,9.5,384,143,527,8.5,-0.4,0,Los Angeles Rams*,13,.813,2018
1.5,6,5.1,3.0,347,81,428,4.5,-0.6,0,Seattle Seahawks+,10,.625,2018
-3.1,12,-5.8,-2.5,435,-93,342,-5.5,0.3,0,San Francisco 49ers,4,.250,2018
-1.9,13,-12.5,-9.6,425,-200,225,-11.5,1.0,0,Arizona Cardinals,3,.188,2018
7.6,4,12.2,2.8,225,195,420,10.4,-1.8,0,New England Patriots*,12,.750,2019
5.7,6,3.4,-3.5,259,55,314,2.2,-1.3,0,Buffalo Bills+,10,.625,2019
-0.6,9,-5.2,-5.7,359,-83,276,-6.3,-1.1,0,New York Jets,7,.438,2019
-9.1,11,-11.8,-2.4,494,-188,306,-11.6,0.2,0,Miami Dolphins,5,.313,2019
4.7,2,15.6,11.0,282,249,531,15.6,0.1,0,Baltimore Ravens*,14,.875,2019
4.6,8,-0.9,-4.3,303,-14,289,0.3,1.2,0,Pittsburgh Steelers,8,.500,2019
-1.5,10,-3.6,-0.4,393,-58,335,-1.9,1.7,0,Cleveland Browns,6,.375,2019
-2.9,14,-8.8,-4.4,420,-141,279,-7.3,1.5,0,Cincinnati Bengals,2,.125,2019
-0.5,6,-0.4,1.0,385,-7,378,0.5,1.0,0,Houston Texans*,10,.625,2019
1.7,7,4.4,1.8,331,71,402,3.4,-1.0,0,Tennessee Titans+,9,.563,2019
-0.8,9,-0.8,-1.0,373,-12,361,-1.8,-1.1,0,Indianapolis Colts,7,.438,2019
-2.1,10,-6.1,-4.6,397,-97,300,-6.7,-0.6,0,Jacksonville Jaguars,6,.375,2019
2.9,4,8.9,6.2,308,143,451,9.1,0.2,0,Kansas City Chiefs*,12,.750,2019
2.7,9,-2.1,-4.8,316,-34,282,-2.1,0.0,0,Denver Broncos,7,.438,2019
-4.4,9,-6.6,-2.5,419,-106,313,-6.9,-0.3,0,Oakland Raiders,7,.438,2019
0.3,11,-0.5,-1.6,345,-8,337,-1.3,-0.8,0,Los Angeles Chargers,5,.313,2019
-0.4,7,1.9,0.7,354,31,385,0.3,-1.7,0,Philadelphia Eagles*,9,.563,2019
1.5,8,7.1,3.8,321,113,434,5.3,-1.8,0,Dallas Cowboys,8,.500,2019
-6.1,12,-6.9,-1.8,451,-110,341,-7.9,-1.0,0,New York Giants,4,.250,2019
-4.5,13,-10.6,-6.3,435,-169,266,-10.8,-0.2,0,Washington Redskins,3,.188,2019
2.6,3,3.9,0.6,313,63,376,3.2,-0.7,0,Green Bay Packers*,13,.813,2019
2.9,6,6.5,2.5,303,104,407,5.4,-1.1,0,Minnesota Vikings+,10,.625,2019
4.5,8,-1.1,-5.4,298,-18,280,-0.9,0.2,0,Chicago Bears,8,.500,2019
-4.0,12,-5.1,-1.2,423,-82,341,-5.2,-0.1,1,Detroit Lions,3,.219,2019
2.3,3,7.3,5.0,341,117,458,7.4,0.0,0,New Orleans Saints*,13,.813,2019
-0.4,9,-1.1,0.3,399,-18,381,-0.1,1.1,0,Atlanta Falcons,7,.438,2019
-4.5,9,0.6,4.9,449,9,458,0.4,-0.2,0,Tampa Bay Buccaneers,7,.438,2019
-5.1,11,-8.1,-1.9,470,-130,340,-7.0,1.1,0,Carolina Panthers,5,.313,2019
4.3,3,10.6,6.7,310,169,479,11.0,0.4,0,San Francisco 49ers*,13,.813,2019
-0.2,5,0.4,2.9,398,7,405,2.7,2.3,0,Seattle Seahawks+,11,.688,2019
1.7,7,1.9,2.2,364,30,394,3.9,2.0,0,Los Angeles Rams,9,.563,2019
-2.9,10,-5.1,-0.3,442,-81,361,-3.2,1.8,1,Arizona Cardinals,5,.344,2019
