Year,Player,Pos,School,NCAA_Link
1999,Joe Hamilton,QB,Georgia Tech,https://www.sports-reference.com/cfb/players/joe-hamilton-1.html
1999,Ron Dayne,RB,Wisconsin,https://www.sports-reference.com/cfb/players/ron-dayne-1.html
1999,Thomas Jones,RB,Virginia,https://www.sports-reference.com/cfb/players/thomas-jones-1.html
1999,Troy Walters,WR,Stanford,https://www.sports-reference.com/cfb/players/troy-walters-1.html
1999,Peter Warrick,WR,Florida State,https://www.sports-reference.com/cfb/players/peter-warrick-1.html
1999,James Whalen,TE,Kentucky,https://www.sports-reference.com/cfb/players/james-whalen-1.html
1999,Cosey Coleman,OL,Tennessee,https://www.sports-reference.com/cfb/players/cosey-coleman-1.html
1999,Ben Hamilton,OL,Minnesota,https://www.sports-reference.com/cfb/players/ben-hamilton-1.html
1999,Chris Mcintosh,OL,Wisconsin,https://www.sports-reference.com/cfb/players/chris-mcintosh-1.html
1999,Rob Riti,OL,Missouri,https://www.sports-reference.com/cfb/players/rob-riti-1.html
1999,Chris Samuels,OL,Alabama,https://www.sports-reference.com/cfb/players/chris-samuels-2.html
1999,Jason Whitaker,OL,Florida State,https://www.sports-reference.com/cfb/players/jason-whitaker-1.html
1999,Sebastian Janikowski,K,Florida State,https://www.sports-reference.com/cfb/players/sebastian-janikowski-1.html
1999,Dennis Northcutt,AP,Arizona,https://www.sports-reference.com/cfb/players/dennis-northcutt-1.html
1999,Courtney Brown,DL,Penn State,https://www.sports-reference.com/cfb/players/courtney-brown-1.html
1999,Corey Moore,DL,Virginia Tech,https://www.sports-reference.com/cfb/players/corey-moore-1.html
1999,Corey Simon,DL,Florida State,https://www.sports-reference.com/cfb/players/corey-simon-1.html
1999,Lavar Arrington,LB,Penn State,https://www.sports-reference.com/cfb/players/lavar-arrington-1.html
1999,Brandon Short,LB,Penn State,https://www.sports-reference.com/cfb/players/brandon-short-1.html
1999,Mark Simoneau,LB,Kansas State,https://www.sports-reference.com/cfb/players/mark-simoneau-1.html
1999,Ralph Brown,DB,Nebraska,https://www.sports-reference.com/cfb/players/ralph-brown-2.html
1999,Tyrone Carter,DB,Minnesota,https://www.sports-reference.com/cfb/players/tyrone-carter-1.html
1999,Deon Grant,DB,Tennessee,https://www.sports-reference.com/cfb/players/deon-grant-1.html
1999,Deltha O'Neal,DB,California,https://www.sports-reference.com/cfb/players/deltha-oneal-1.html
1999,Brian Urlacher,DB,New Mexico,https://www.sports-reference.com/cfb/players/brian-urlacher-1.html
1999,Andrew Bayes,P,East Carolina,https://www.sports-reference.com/cfb/players/andrew-bayes-1.html
2000,Josh Heupel,QB,Oklahoma,https://www.sports-reference.com/cfb/players/josh-heupel-1.html
2000,Damien Anderson,RB,Northwestern,https://www.sports-reference.com/cfb/players/damien-anderson-1.html
2000,LaDainian Tomlinson,RB,Texas Christian,https://www.sports-reference.com/cfb/players/ladainian-tomlinson-1.html
2000,Antonio Bryant,WR,Pitt,https://www.sports-reference.com/cfb/players/antonio-bryant-1.html
2000,Snoop Minnis,WR,Florida State,https://www.sports-reference.com/cfb/players/snoop-minnis-1.html
2000,Freddie Mitchell,WR,UCLA,https://www.sports-reference.com/cfb/players/freddie-mitchell-1.html
2000,Brian Natkin,TE,UTEP,https://www.sports-reference.com/cfb/players/brian-natkin-1.html
2000,Chris Brown,OL,Georgia Tech,https://www.sports-reference.com/cfb/players/chris-brown-7.html
2000,Leonard Davis,OL,Texas,https://www.sports-reference.com/cfb/players/leonard-davis-1.html
2000,Ben Hamilton,OL,Minnesota,https://www.sports-reference.com/cfb/players/ben-hamilton-1.html
2000,Steve Hutchinson,OL,Michigan,https://www.sports-reference.com/cfb/players/steve-hutchinson-1.html
2000,Dominic Raiola,OL,Nebraska,https://www.sports-reference.com/cfb/players/dominic-raiola-1.html
2000,Jonathan Ruffin,K,Cincinnati,https://www.sports-reference.com/cfb/players/jonathan-ruffin-1.html
2000,Santana Moss,AP,Miami (FL),https://www.sports-reference.com/cfb/players/santana-moss-1.html
2000,Andre Carter,DL,California,https://www.sports-reference.com/cfb/players/andre-carter-1.html
2000,Casey Hampton,DL,Texas,https://www.sports-reference.com/cfb/players/casey-hampton-1.html
2000,John Henderson,DL,Tennessee,https://www.sports-reference.com/cfb/players/john-henderson-1.html
2000,Jamal Reynolds,DL,Florida State,https://www.sports-reference.com/cfb/players/jamal-reynolds-1.html
2000,Keith Adams,LB,Clemson,https://www.sports-reference.com/cfb/players/keith-adams-1.html
2000,Rocky Calmus,LB,Oklahoma,https://www.sports-reference.com/cfb/players/rocky-calmus-1.html
2000,Dan Morgan,LB,Miami (FL),https://www.sports-reference.com/cfb/players/dan-morgan-1.html
2000,Tay Cody,DB,Florida State,https://www.sports-reference.com/cfb/players/tay-cody-1.html
2000,Jamar Fletcher,DB,Wisconsin,https://www.sports-reference.com/cfb/players/jamar-fletcher-1.html
2000,Ed Reed,DB,Miami (FL),https://www.sports-reference.com/cfb/players/ed-reed-1.html
2000,Dwight Smith,DB,Akron,https://www.sports-reference.com/cfb/players/dwight-smith-1.html
2000,Fred Smoot,DB,Mississippi State,https://www.sports-reference.com/cfb/players/fred-smoot-1.html
2000,J.T. Thatcher,DB,Oklahoma,https://www.sports-reference.com/cfb/players/jt-thatcher-1.html
2000,Nick Harris,P,California,https://www.sports-reference.com/cfb/players/nick-harris-1.html
2001,Rex Grossman,QB,Florida,https://www.sports-reference.com/cfb/players/rex-grossman-1.html
2001,William Green,RB,Boston College,https://www.sports-reference.com/cfb/players/william-green-1.html
2001,Luke Staley,RB,Brigham Young,https://www.sports-reference.com/cfb/players/luke-staley-1.html
2001,Jabar Gaffney,WR,Florida,https://www.sports-reference.com/cfb/players/jabar-gaffney-1.html
2001,Josh Reed,WR,LSU,https://www.sports-reference.com/cfb/players/josh-reed-1.html
2001,Daniel Graham,TE,Colorado,https://www.sports-reference.com/cfb/players/daniel-graham-1.html
2001,Lecharles Bentley,OL,Ohio State,https://www.sports-reference.com/cfb/players/lecharles-bentley-1.html
2001,Toniu Fonori,OL,Nebraska,https://www.sports-reference.com/cfb/players/toniu-fonori-1.html
2001,Andre Gurode,OL,Colorado,https://www.sports-reference.com/cfb/players/andre-gurode-1.html
2001,Bryant McKinnie,OL,Miami (FL),https://www.sports-reference.com/cfb/players/bryant-mckinnie-1.html
2001,Terrence Metcalf,OL,Ole Miss,https://www.sports-reference.com/cfb/players/terrence-metcalf-1.html
2001,Mike Pearson,OL,Florida,https://www.sports-reference.com/cfb/players/mike-pearson-1.html
2001,Mike Williams,OL,Texas,https://www.sports-reference.com/cfb/players/mike-williams-6.html
2001,Damon Duval,K,Auburn,https://www.sports-reference.com/cfb/players/damon-duval-1.html
2001,Alex Brown,DL,Florida,https://www.sports-reference.com/cfb/players/alex-brown-1.html
2001,Dwight Freeney,DL,Syracuse,https://www.sports-reference.com/cfb/players/dwight-freeney-1.html
2001,John Henderson,DL,Tennessee,https://www.sports-reference.com/cfb/players/john-henderson-1.html
2001,Julius Peppers,DL,North Carolina,https://www.sports-reference.com/cfb/players/julius-peppers-1.html
2001,Rocky Calmus,LB,Oklahoma,https://www.sports-reference.com/cfb/players/rocky-calmus-1.html
2001,E.J. Henderson,LB,Maryland,https://www.sports-reference.com/cfb/players/ej-henderson-1.html
2001,Robert Thomas,LB,UCLA,https://www.sports-reference.com/cfb/players/robert-thomas-1.html
2001,Quentin Jammer,DB,Texas,https://www.sports-reference.com/cfb/players/quentin-jammer-1.html
2001,Ed Reed,DB,Miami (FL),https://www.sports-reference.com/cfb/players/ed-reed-1.html
2001,Roy Williams,DB,Oklahoma,https://www.sports-reference.com/cfb/players/roy-williams-2.html
2001,Travis Dorsch,P,Purdue,https://www.sports-reference.com/cfb/players/travis-dorsch-1.html
2002,Carson Palmer,QB,USC,https://www.sports-reference.com/cfb/players/carson-palmer-1.html
2002,Larry Johnson,RB,Penn State,https://www.sports-reference.com/cfb/players/larry-johnson-1.html
2002,Willis McGahee,RB,Miami (FL),https://www.sports-reference.com/cfb/players/willis-mcgahee-1.html
2002,Charles Rogers,WR,Michigan State,https://www.sports-reference.com/cfb/players/charles-rogers-1.html
2002,Reggie Williams,WR,Washington,https://www.sports-reference.com/cfb/players/reggie-williams-1.html
2002,Rashaun Woods,WR,Oklahoma State,https://www.sports-reference.com/cfb/players/rashaun-woods-1.html
2002,Dallas Clark,TE,Iowa,https://www.sports-reference.com/cfb/players/dallas-clark-1.html
2002,Shawn Andrews,OL,Arkansas,https://www.sports-reference.com/cfb/players/shawn-andrews-1.html
2002,Derrick Dockery,OL,Texas,https://www.sports-reference.com/cfb/players/derrick-dockery-1.html
2002,Jordan Gross,OL,Utah,https://www.sports-reference.com/cfb/players/jordan-gross-1.html
2002,Brett Romberg,OL,Miami (FL),https://www.sports-reference.com/cfb/players/brett-romberg-1.html
2002,Eric Steinbach,OL,Iowa,https://www.sports-reference.com/cfb/players/eric-steinbach-1.html
2002,Mike Nugent,K,Ohio State,https://www.sports-reference.com/cfb/players/mike-nugent-1.html
2002,Derek Abney,AP,Kentucky,https://www.sports-reference.com/cfb/players/derek-abney-1.html
2002,Tommie Harris,DL,Oklahoma,https://www.sports-reference.com/cfb/players/tommie-harris-1.html
2002,Rien Long,DL,Washington State,https://www.sports-reference.com/cfb/players/rien-long-1.html
2002,David Pollack,DL,Georgia,https://www.sports-reference.com/cfb/players/david-pollack-1.html
2002,Terrell Suggs,DL,Arizona State,https://www.sports-reference.com/cfb/players/terrell-suggs-1.html
2002,E.J. Henderson,LB,Maryland,https://www.sports-reference.com/cfb/players/ej-henderson-1.html
2002,Teddy Lehman,LB,Oklahoma,https://www.sports-reference.com/cfb/players/teddy-lehman-1.html
2002,Matt Wilhelm,LB,Ohio State,https://www.sports-reference.com/cfb/players/matt-wilhelm-1.html
2002,Mike Doss,DB,Ohio State,https://www.sports-reference.com/cfb/players/mike-doss-1.html
2002,Terence Newman,DB,Kansas State,https://www.sports-reference.com/cfb/players/terence-newman-1.html
2002,Troy Polamalu,DB,USC,https://www.sports-reference.com/cfb/players/troy-polamalu-1.html
2002,Shane Walton,DB,Notre Dame,https://www.sports-reference.com/cfb/players/shane-walton-1.html
2002,Mark Mariscal,P,Colorado,https://www.sports-reference.com/cfb/players/mark-mariscal-1.html
2003,Jason White,QB,Oklahoma,https://www.sports-reference.com/cfb/players/jason-white-1.html
2003,Kevin Jones,RB,Virginia Tech,https://www.sports-reference.com/cfb/players/kevin-jones-3.html
2003,Chris Perry,RB,Michigan,https://www.sports-reference.com/cfb/players/chris-perry-1.html
2003,Larry Fitzgerald,WR,Pitt,https://www.sports-reference.com/cfb/players/larry-fitzgerald-1.html
2003,Mike Williams,WR,USC,https://www.sports-reference.com/cfb/players/mike-williams-3.html
2003,Kellen Winslow,TE,Miami (FL),https://www.sports-reference.com/cfb/players/kellen-winslow-1.html
2003,Shawn Andrews,OL,Arkansas,https://www.sports-reference.com/cfb/players/shawn-andrews-1.html
2003,Alex Barron,OL,Florida State,https://www.sports-reference.com/cfb/players/alex-barron-1.html
2003,Robert Gallery,OL,Iowa,https://www.sports-reference.com/cfb/players/robert-gallery-1.html
2003,Jake Grove,OL,Virginia Tech,https://www.sports-reference.com/cfb/players/jake-grove-1.html
2003,Jacob Rogers,OL,USC,https://www.sports-reference.com/cfb/players/jacob-rogers-2.html
2003,Nick Browne,K,Texas Christian,https://www.sports-reference.com/cfb/players/nick-browne-1.html
2003,Nate Kaeding,K,Iowa,https://www.sports-reference.com/cfb/players/nate-kaeding-1.html
2003,Antonio Perkins,KR,Oklahoma,https://www.sports-reference.com/cfb/players/antonio-perkins-1.html
2003,Dave Ball,DL,UCLA,https://www.sports-reference.com/cfb/players/dave-ball-1.html
2003,Tommie Harris,DL,Oklahoma,https://www.sports-reference.com/cfb/players/tommie-harris-1.html
2003,Chad Lavalais,DL,LSU,https://www.sports-reference.com/cfb/players/chad-lavalais-1.html
2003,Kenechi Udeze,DL,USC,https://www.sports-reference.com/cfb/players/kenechi-udeze-1.html
2003,Derrick Johnson,LB,Texas,https://www.sports-reference.com/cfb/players/derrick-johnson-3.html
2003,Teddy Lehman,LB,Oklahoma,https://www.sports-reference.com/cfb/players/teddy-lehman-1.html
2003,Grant Wiley,LB,West Virginia,https://www.sports-reference.com/cfb/players/grant-wiley-1.html
2003,Will Allen,DB,Ohio State,https://www.sports-reference.com/cfb/players/will-allen-1.html
2003,Keiwan Ratliff,DB,Florida,https://www.sports-reference.com/cfb/players/keiwan-ratliff-1.html
2003,Derrick Strait,DB,Oklahoma,https://www.sports-reference.com/cfb/players/derrick-strait-1.html
2003,Sean Taylor,DB,Miami (FL),https://www.sports-reference.com/cfb/players/sean-taylor-1.html
2003,Dustin Colquitt,P,Tennessee,https://www.sports-reference.com/cfb/players/dustin-colquitt-1.html
2004,Matt Leinart,QB,USC,https://www.sports-reference.com/cfb/players/matt-leinart-1.html
2004,J.J. Arrington,RB,California,https://www.sports-reference.com/cfb/players/jj-arrington-1.html
2004,Adrian Peterson,RB,Oklahoma,https://www.sports-reference.com/cfb/players/adrian-peterson-1.html
2004,Braylon Edwards,WR,Michigan,https://www.sports-reference.com/cfb/players/braylon-edwards-1.html
2004,Taylor Stubblefield,WR,Purdue,https://www.sports-reference.com/cfb/players/taylor-stubblefield-1.html
2004,Heath Miller,TE,Virginia,https://www.sports-reference.com/cfb/players/heath-miller-1.html
2004,David Baas,OL,Michigan,https://www.sports-reference.com/cfb/players/david-baas-1.html
2004,Alex Barron,OL,Florida State,https://www.sports-reference.com/cfb/players/alex-barron-1.html
2004,Elton Brown,OL,Virginia,https://www.sports-reference.com/cfb/players/elton-brown-1.html
2004,Jammal Brown,OL,Oklahoma,https://www.sports-reference.com/cfb/players/jammal-brown-1.html
2004,Michael Munoz,OL,Tennessee,https://www.sports-reference.com/cfb/players/michael-munoz-1.html
2004,Ben Wilkerson,OL,LSU,https://www.sports-reference.com/cfb/players/ben-wilkerson-1.html
2004,Mike Nugent,K,Ohio State,https://www.sports-reference.com/cfb/players/mike-nugent-1.html
2004,Reggie Bush,AP,USC,https://www.sports-reference.com/cfb/players/reggie-bush-1.html
2004,Shaun Cody,DL,USC,https://www.sports-reference.com/cfb/players/shaun-cody-1.html
2004,Erasmus James,DL,Wisconsin,https://www.sports-reference.com/cfb/players/erasmus-james-1.html
2004,David Pollack,DL,Georgia,https://www.sports-reference.com/cfb/players/david-pollack-1.html
2004,Marcus Spears,DL,LSU,https://www.sports-reference.com/cfb/players/marcus-spears-1.html
2004,Matt Grootegoed,LB,USC,https://www.sports-reference.com/cfb/players/matt-grootegoed-1.html
2004,A.J. Hawk,LB,Ohio State,https://www.sports-reference.com/cfb/players/aj-hawk-1.html
2004,Derrick Johnson,LB,Texas,https://www.sports-reference.com/cfb/players/derrick-johnson-3.html
2004,Thomas Davis,DB,Georgia,https://www.sports-reference.com/cfb/players/thomas-davis-1.html
2004,Marlin Jackson,DB,Michigan,https://www.sports-reference.com/cfb/players/marlin-jackson-1.html
2004,Carlos Rogers,DB,Auburn,https://www.sports-reference.com/cfb/players/carlos-rogers-1.html
2004,Antrel Rolle,DB,Miami (FL),https://www.sports-reference.com/cfb/players/antrel-rolle-1.html
2004,Ernest Shazor,DB,Michigan,https://www.sports-reference.com/cfb/players/ernest-shazor-1.html
2004,Brandon Fields,P,Michigan State,https://www.sports-reference.com/cfb/players/brandon-fields-1.html
2005,Vince Young,QB,Texas,https://www.sports-reference.com/cfb/players/vince-young-1.html
2005,Reggie Bush,RB,USC,https://www.sports-reference.com/cfb/players/reggie-bush-1.html
2005,Jerome Harrison,RB,Washington State,https://www.sports-reference.com/cfb/players/jerome-harrison-1.html
2005,Dwayne Jarrett,WR,USC,https://www.sports-reference.com/cfb/players/dwayne-jarrett-1.html
2005,Jeff Samardzija,WR,Notre Dame,https://www.sports-reference.com/cfb/players/jeff-samardzija-1.html
2005,Marcedes Lewis,TE,UCLA,https://www.sports-reference.com/cfb/players/marcedes-lewis-1.html
2005,Greg Eslinger,OL,Minnesota,https://www.sports-reference.com/cfb/players/greg-eslinger-1.html
2005,Max Jean-Gilles,OL,Georgia,https://www.sports-reference.com/cfb/players/max-jean-gilles-1.html
2005,Taitusi Lutui,OL,USC,https://www.sports-reference.com/cfb/players/taitusi-lutui-1.html
2005,Marcus Mcneill,OL,Auburn,https://www.sports-reference.com/cfb/players/marcus-mcneill-1.html
2005,Jonathan Scott,OL,Texas,https://www.sports-reference.com/cfb/players/jonathan-scott-1.html
2005,Mason Crosby,K,Colorado,https://www.sports-reference.com/cfb/players/mason-crosby-1.html
2005,Maurice Drew,AP,UCLA,https://www.sports-reference.com/cfb/players/maurice-drew-1.html
2005,Elvis Dumervil,DL,Louisville,https://www.sports-reference.com/cfb/players/elvis-dumervil-1.html
2005,Tamba Hali,DL,Penn State,https://www.sports-reference.com/cfb/players/tamba-hali-1.html
2005,Haloti Ngata,DL,Oregon,https://www.sports-reference.com/cfb/players/haloti-ngata-1.html
2005,Rodrique Wright,DL,Texas,https://www.sports-reference.com/cfb/players/rodrique-wright-1.html
2005,A.J. Hawk,LB,Ohio State,https://www.sports-reference.com/cfb/players/aj-hawk-1.html
2005,Paul Posluszny,LB,Penn State,https://www.sports-reference.com/cfb/players/paul-posluszny-1.html
2005,Demeco Ryans,LB,Alabama,https://www.sports-reference.com/cfb/players/demeco-ryans-1.html
2005,Greg Blue,DB,Georgia,https://www.sports-reference.com/cfb/players/greg-blue-1.html
2005,Tye Hill,DB,Clemson,https://www.sports-reference.com/cfb/players/tye-hill-1.html
2005,Michael Huff,DB,Texas,https://www.sports-reference.com/cfb/players/michael-huff-1.html
2005,Jimmy Williams,DB,Virginia Tech,https://www.sports-reference.com/cfb/players/jimmy-williams-2.html
2005,Ryan Plackemeier,P,Wake Forest,https://www.sports-reference.com/cfb/players/ryan-plackemeier-1.html
2006,Troy Smith,QB,Ohio State,https://www.sports-reference.com/cfb/players/troy-smith-1.html
2006,Darren McFadden,RB,Arkansas,https://www.sports-reference.com/cfb/players/darren-mcfadden-1.html
2006,Steve Slaton,RB,West Virginia,https://www.sports-reference.com/cfb/players/steve-slaton-1.html
2006,Dwayne Jarrett,WR,USC,https://www.sports-reference.com/cfb/players/dwayne-jarrett-1.html
2006,Calvin Johnson,WR,Georgia Tech,https://www.sports-reference.com/cfb/players/calvin-johnson-1.html
2006,Zach Miller,TE,Arizona State,https://www.sports-reference.com/cfb/players/zach-miller-1.html
2006,Sam Baker,OL,USC,https://www.sports-reference.com/cfb/players/sam-baker-1.html
2006,Justin Blalock,OL,Texas,https://www.sports-reference.com/cfb/players/justin-blalock-1.html
2006,Jake Long,OL,Michigan,https://www.sports-reference.com/cfb/players/jake-long-1.html
2006,Dan Mozes,OL,West Virginia,https://www.sports-reference.com/cfb/players/dan-mozes-1.html
2006,Joe Thomas,OL,Wisconsin,https://www.sports-reference.com/cfb/players/joe-thomas-2.html
2006,Justin Medlock,K,UCLA,https://www.sports-reference.com/cfb/players/justin-medlock-1.html
2006,Desean Jackson,KR,California,https://www.sports-reference.com/cfb/players/desean-jackson-1.html
2006,Gaines Adams,DL,Clemson,https://www.sports-reference.com/cfb/players/gaines-adams-1.html
2006,Justin Hickman,DL,UCLA,https://www.sports-reference.com/cfb/players/justin-hickman-1.html
2006,Quinn Pitcock,DL,Ohio State,https://www.sports-reference.com/cfb/players/quinn-pitcock-1.html
2006,Lamarr Woodley,DL,Michigan,https://www.sports-reference.com/cfb/players/lamarr-woodley-1.html
2006,James Laurinaitis,LB,Ohio State,https://www.sports-reference.com/cfb/players/james-laurinaitis-1.html
2006,Paul Posluszny,LB,Penn State,https://www.sports-reference.com/cfb/players/paul-posluszny-1.html
2006,Patrick Willis,LB,Ole Miss,https://www.sports-reference.com/cfb/players/patrick-willis-1.html
2006,Leon Hall,DB,Michigan,https://www.sports-reference.com/cfb/players/leon-hall-1.html
2006,Daymeion Hughes,DB,California,https://www.sports-reference.com/cfb/players/daymeion-hughes-1.html
2006,Laron Landry,DB,LSU,https://www.sports-reference.com/cfb/players/laron-landry-1.html
2006,Reggie Nelson,DB,Florida,https://www.sports-reference.com/cfb/players/reggie-nelson-1.html
2006,Eric Weddle,DB,Utah,https://www.sports-reference.com/cfb/players/eric-weddle-1.html
2006,Daniel Sepulveda,P,Baylor,https://www.sports-reference.com/cfb/players/daniel-sepulveda-1.html
2007,Tim Tebow,QB,Florida,https://www.sports-reference.com/cfb/players/tim-tebow-1.html
2007,Darren McFadden,RB,Arkansas,https://www.sports-reference.com/cfb/players/darren-mcfadden-1.html
2007,Kevin Smith,RB,UCF,https://www.sports-reference.com/cfb/players/kevin-smith-1.html
2007,Michael Crabtree,WR,Texas Tech,https://www.sports-reference.com/cfb/players/michael-crabtree-1.html
2007,Jordy Nelson,WR,Kansas State,https://www.sports-reference.com/cfb/players/jordy-nelson-1.html
2007,Martin Rucker,TE,Missouri,https://www.sports-reference.com/cfb/players/martin-rucker-1.html
2007,Ryan Clady,OL,Boise State,https://www.sports-reference.com/cfb/players/ryan-clady-1.html
2007,Steve Justice,OL,Wake Forest,https://www.sports-reference.com/cfb/players/steve-justice-1.html
2007,Jake Long,OL,Michigan,https://www.sports-reference.com/cfb/players/jake-long-1.html
2007,Jonathan Luigs,OL,Arkansas,https://www.sports-reference.com/cfb/players/jonathan-luigs-1.html
2007,Duke Robinson,OL,Oklahoma,https://www.sports-reference.com/cfb/players/duke-robinson-1.html
2007,John Sullivan,K,New Mexico,https://www.sports-reference.com/cfb/players/john-sullivan-1.html
2007,Jeremy Maclin,AP,Missouri,https://www.sports-reference.com/cfb/players/jeremy-maclin-1.html
2007,Felix Jones,KR,Arkansas,https://www.sports-reference.com/cfb/players/felix-jones-1.html
2007,Glenn Dorsey,DL,LSU,https://www.sports-reference.com/cfb/players/glenn-dorsey-1.html
2007,Sedrick Ellis,DL,USC,https://www.sports-reference.com/cfb/players/sedrick-ellis-1.html
2007,Chris Long,DL,Virginia,https://www.sports-reference.com/cfb/players/chris-long-1.html
2007,George Selvie,DL,South Florida,https://www.sports-reference.com/cfb/players/george-selvie-1.html
2007,Dan Connor,LB,Penn State,https://www.sports-reference.com/cfb/players/dan-connor-1.html
2007,Jordon Dizon,LB,Colorado,https://www.sports-reference.com/cfb/players/jordon-dizon-1.html
2007,James Laurinaitis,LB,Ohio State,https://www.sports-reference.com/cfb/players/james-laurinaitis-1.html
2007,J Leman,LB,Illinois,https://www.sports-reference.com/cfb/players/j-leman-1.html
2007,Curtis Lofton,LB,Oklahoma,https://www.sports-reference.com/cfb/players/curtis-lofton-1.html
2007,Antoine Cason,DB,Arizona,https://www.sports-reference.com/cfb/players/antoine-cason-1.html
2007,Jamie Silva,DB,Boston College,https://www.sports-reference.com/cfb/players/jamie-silva-1.html
2007,Craig Steltz,DB,LSU,https://www.sports-reference.com/cfb/players/craig-steltz-1.html
2007,Aqib Talib,DB,Kansas,https://www.sports-reference.com/cfb/players/aqib-talib-1.html
2007,Kevin Huber,P,Cincinnati,https://www.sports-reference.com/cfb/players/kevin-huber-1.html
2008,Sam Bradford,QB,Oklahoma,https://www.sports-reference.com/cfb/players/sam-bradford-1.html
2008,Colt McCoy,QB,Texas,https://www.sports-reference.com/cfb/players/colt-mccoy-1.html
2008,Shonn Greene,RB,Iowa,https://www.sports-reference.com/cfb/players/shonn-greene-1.html
2008,Javon Ringer,RB,Michigan State,https://www.sports-reference.com/cfb/players/javon-ringer-1.html
2008,Dez Bryant,WR,Oklahoma State,https://www.sports-reference.com/cfb/players/dez-bryant-1.html
2008,Michael Crabtree,WR,Texas Tech,https://www.sports-reference.com/cfb/players/michael-crabtree-1.html
2008,Chase Coffman,TE,Missouri,https://www.sports-reference.com/cfb/players/chase-coffman-1.html
2008,Antoine Caldwell,OL,Alabama,https://www.sports-reference.com/cfb/players/antoine-caldwell-1.html
2008,Brandon Carter,OL,Texas Tech,https://www.sports-reference.com/cfb/players/brandon-carter-1.html
2008,Michael Oher,OL,Ole Miss,https://www.sports-reference.com/cfb/players/michael-oher-1.html
2008,Duke Robinson,OL,Oklahoma,https://www.sports-reference.com/cfb/players/duke-robinson-1.html
2008,Andre Smith,OL,Alabama,https://www.sports-reference.com/cfb/players/andre-smith-3.html
2008,Louie Sakoda,K,Utah,https://www.sports-reference.com/cfb/players/louie-sakoda-1.html
2008,Jeremy Maclin,AP,Missouri,https://www.sports-reference.com/cfb/players/jeremy-maclin-1.html
2008,Brandon James,KR,Florida,https://www.sports-reference.com/cfb/players/brandon-james-1.html
2008,Terrence Cody,DL,Alabama,https://www.sports-reference.com/cfb/players/terrence-cody-1.html
2008,Jerry Hughes,DL,Texas Christian,https://www.sports-reference.com/cfb/players/jerry-hughes-1.html
2008,Aaron Maybin,DL,Penn State,https://www.sports-reference.com/cfb/players/aaron-maybin-1.html
2008,Brian Orakpo,DL,Texas,https://www.sports-reference.com/cfb/players/brian-orakpo-1.html
2008,James Laurinaitis,LB,Ohio State,https://www.sports-reference.com/cfb/players/james-laurinaitis-1.html
2008,Rey Maualuga,LB,USC,https://www.sports-reference.com/cfb/players/rey-maualuga-1.html
2008,Brandon Spikes,LB,Florida,https://www.sports-reference.com/cfb/players/brandon-spikes-1.html
2008,Eric Berry,DB,Tennessee,https://www.sports-reference.com/cfb/players/eric-berry-1.html
2008,Malcolm Jenkins,DB,Ohio State,https://www.sports-reference.com/cfb/players/malcolm-jenkins-1.html
2008,Taylor Mays,DB,USC,https://www.sports-reference.com/cfb/players/taylor-mays-1.html
2008,Alphonso Smith,DB,Wake Forest,https://www.sports-reference.com/cfb/players/alphonso-smith-1.html
2008,Kevin Huber,P,Cincinnati,https://www.sports-reference.com/cfb/players/kevin-huber-1.html
2009,Colt McCoy,QB,Texas,https://www.sports-reference.com/cfb/players/colt-mccoy-1.html
2009,Toby Gerhart,RB,Stanford,https://www.sports-reference.com/cfb/players/toby-gerhart-1.html
2009,Mark Ingram,RB,Alabama,https://www.sports-reference.com/cfb/players/mark-ingram-1.html
2009,Jordan Shipley,WR,Texas,https://www.sports-reference.com/cfb/players/jordan-shipley-1.html
2009,Golden Tate,WR,Notre Dame,https://www.sports-reference.com/cfb/players/golden-tate-1.html
2009,Dennis Pitta,TE,Brigham Young,https://www.sports-reference.com/cfb/players/dennis-pitta-1.html
2009,Mike Iupati,OL,Idaho,https://www.sports-reference.com/cfb/players/mike-iupati-1.html
2009,Mike Johnson,OL,Alabama,https://www.sports-reference.com/cfb/players/mike-johnson-2.html
2009,Russell Okung,OL,Oklahoma State,https://www.sports-reference.com/cfb/players/russell-okung-1.html
2009,Maurkice Pouncey,OL,Florida,https://www.sports-reference.com/cfb/players/maurkice-pouncey-1.html
2009,Trent Williams,OL,Oklahoma,https://www.sports-reference.com/cfb/players/trent-williams-2.html
2009,Kai Forbath,K,UCLA,https://www.sports-reference.com/cfb/players/kai-forbath-1.html
2009,C.J. Spiller,AP,Clemson,https://www.sports-reference.com/cfb/players/cj-spiller-1.html
2009,Terrence Cody,DL,Alabama,https://www.sports-reference.com/cfb/players/terrence-cody-1.html
2009,Jerry Hughes,DL,Texas Christian,https://www.sports-reference.com/cfb/players/jerry-hughes-1.html
2009,Gerald McCoy,DL,Oklahoma,https://www.sports-reference.com/cfb/players/gerald-mccoy-1.html
2009,Ndamukong Suh,DL,Nebraska,https://www.sports-reference.com/cfb/players/ndamukong-suh-1.html
2009,Greg Jones,LB,Michigan State,https://www.sports-reference.com/cfb/players/greg-jones-2.html
2009,Rolando McClain,LB,Alabama,https://www.sports-reference.com/cfb/players/rolando-mcclain-1.html
2009,Brandon Spikes,LB,Florida,https://www.sports-reference.com/cfb/players/brandon-spikes-1.html
2009,Javier Arenas,DB,Alabama,https://www.sports-reference.com/cfb/players/javier-arenas-1.html
2009,Eric Berry,DB,Tennessee,https://www.sports-reference.com/cfb/players/eric-berry-1.html
2009,Joe Haden,DB,Florida,https://www.sports-reference.com/cfb/players/joe-haden-1.html
2009,Earl Thomas,DB,Texas,https://www.sports-reference.com/cfb/players/earl-thomas-1.html
2009,Drew Butler,P,Georgia,https://www.sports-reference.com/cfb/players/drew-butler-1.html
2010,Cam Newton,QB,Auburn,https://www.sports-reference.com/cfb/players/cam-newton-1.html
2010,Kendall Hunter,RB,Oklahoma State,https://www.sports-reference.com/cfb/players/kendall-hunter-1.html
2010,LaMichael James,RB,Oregon,https://www.sports-reference.com/cfb/players/lamichael-james-1.html
2010,Justin Blackmon,WR,Oklahoma State,https://www.sports-reference.com/cfb/players/justin-blackmon-1.html
2010,Ryan Broyles,WR,Oklahoma,https://www.sports-reference.com/cfb/players/ryan-broyles-1.html
2010,Michael Egnew,TE,Missouri,https://www.sports-reference.com/cfb/players/michael-egnew-1.html
2010,Lance Kendricks,TE,Wisconsin,https://www.sports-reference.com/cfb/players/lance-kendricks-1.html
2010,Chase Beeler,OL,Stanford,https://www.sports-reference.com/cfb/players/chase-beeler-1.html
2010,Gabe Carimi,OL,Wisconsin,https://www.sports-reference.com/cfb/players/gabe-carimi-1.html
2010,Rodney Hudson,OL,Florida State,https://www.sports-reference.com/cfb/players/rodney-hudson-1.html
2010,Nate Solder,OL,Colorado,https://www.sports-reference.com/cfb/players/nate-solder-1.html
2010,Lee Ziemba,OL,Auburn,https://www.sports-reference.com/cfb/players/lee-ziemba-1.html
2010,Josh Jasper,K,LSU,https://www.sports-reference.com/cfb/players/josh-jasper-1.html
2010,Cliff Harris,AP,Oregon,https://www.sports-reference.com/cfb/players/cliff-harris-1.html
2010,Eric Page,AP,Toledo,https://www.sports-reference.com/cfb/players/eric-page-1.html
2010,Da'Quan Bowers,DL,Clemson,https://www.sports-reference.com/cfb/players/daquan-bowers-1.html
2010,Adrian Clayborn,DL,Iowa,https://www.sports-reference.com/cfb/players/adrian-clayborn-1.html
2010,Nick Fairley,DL,Auburn,https://www.sports-reference.com/cfb/players/nick-fairley-1.html
2010,Ryan Kerrigan,DL,Purdue,https://www.sports-reference.com/cfb/players/ryan-kerrigan-1.html
2010,Stephen Paea,DL,Oregon State,https://www.sports-reference.com/cfb/players/stephen-paea-1.html
2010,Greg Jones,LB,Michigan State,https://www.sports-reference.com/cfb/players/greg-jones-2.html
2010,Luke Kuechly,LB,Boston College,https://www.sports-reference.com/cfb/players/luke-kuechly-1.html
2010,Von Miller,LB,Texas A&M,https://www.sports-reference.com/cfb/players/von-miller-1.html
2010,Prince Amukamara,DB,Nebraska,https://www.sports-reference.com/cfb/players/prince-amukamara-1.html
2010,Quinton Carter,DB,Oklahoma,https://www.sports-reference.com/cfb/players/quinton-carter-1.html
2010,Tejay Johnson,DB,Texas Christian,https://www.sports-reference.com/cfb/players/tejay-johnson-1.html
2010,Patrick Peterson,DB,LSU,https://www.sports-reference.com/cfb/players/patrick-peterson-1.html
2010,Chas Henry,P,Florida,https://www.sports-reference.com/cfb/players/chas-henry-1.html
2011,Robert Griffin III,QB,Baylor,https://www.sports-reference.com/cfb/players/robert-griffin-iii-1.html
2011,Montee Ball,RB,Wisconsin,https://www.sports-reference.com/cfb/players/montee-ball-1.html
2011,Trent Richardson,RB,Alabama,https://www.sports-reference.com/cfb/players/trent-richardson-1.html
2011,Justin Blackmon,WR,Oklahoma State,https://www.sports-reference.com/cfb/players/justin-blackmon-1.html
2011,Ryan Broyles,WR,Oklahoma,https://www.sports-reference.com/cfb/players/ryan-broyles-1.html
2011,Robert Woods,WR,USC,https://www.sports-reference.com/cfb/players/robert-woods-1.html
2011,Dwayne Allen,TE,Clemson,https://www.sports-reference.com/cfb/players/dwayne-allen-1.html
2011,Levy Adcock,OL,Oklahoma State,https://www.sports-reference.com/cfb/players/levy-adcock-1.html
2011,David DeCastro,OL,Stanford,https://www.sports-reference.com/cfb/players/david-decastro-1.html
2011,Barrett Jones,OL,Alabama,https://www.sports-reference.com/cfb/players/barrett-jones-1.html
2011,David Molk,OL,Michigan,https://www.sports-reference.com/cfb/players/david-molk-1.html
2011,Nate Potter,OL,Boise State,https://www.sports-reference.com/cfb/players/nate-potter-1.html
2011,Randy Bullock,K,Texas A&M,https://www.sports-reference.com/cfb/players/randy-bullock-1.html
2011,Joe Adams,AP,Arkansas,https://www.sports-reference.com/cfb/players/joe-adams-1.html
2011,Melvin Ingram,DL,South Carolina,https://www.sports-reference.com/cfb/players/melvin-ingram-1.html
2011,Whitney Mercilus,DL,Illinois,https://www.sports-reference.com/cfb/players/whitney-mercilus-1.html
2011,Devon Still,DL,Penn State,https://www.sports-reference.com/cfb/players/devon-still-1.html
2011,Jerel Worthy,DL,Michigan State,https://www.sports-reference.com/cfb/players/jerel-worthy-1.html
2011,Dont'a Hightower,LB,Alabama,https://www.sports-reference.com/cfb/players/donta-hightower-1.html
2011,Jarvis Jones,LB,Georgia,https://www.sports-reference.com/cfb/players/jarvis-jones-1.html
2011,Luke Kuechly,LB,Boston College,https://www.sports-reference.com/cfb/players/luke-kuechly-1.html
2011,Mark Barron,DB,Alabama,https://www.sports-reference.com/cfb/players/mark-barron-1.html
2011,Morris Claiborne,DB,LSU,https://www.sports-reference.com/cfb/players/morris-claiborne-1.html
2011,Tyrann Mathieu,DB,LSU,https://www.sports-reference.com/cfb/players/tyrann-mathieu-1.html
2011,Shawn Powell,P,Florida State,https://www.sports-reference.com/cfb/players/shawn-powell-1.html
2012,Johnny Manziel,QB,Texas A&M,https://www.sports-reference.com/cfb/players/johnny-manziel-1.html
2012,Montee Ball,RB,Wisconsin,https://www.sports-reference.com/cfb/players/montee-ball-1.html
2012,Kenjon Barner,RB,Oregon,https://www.sports-reference.com/cfb/players/kenjon-barner-1.html
2012,Ka'Deem Carey,RB,Arizona,https://www.sports-reference.com/cfb/players/kadeem-carey-1.html
2012,Marqise Lee,WR,USC,https://www.sports-reference.com/cfb/players/marqise-lee-1.html
2012,Terrance Williams,WR,Baylor,https://www.sports-reference.com/cfb/players/terrance-williams-2.html
2012,Zach Ertz,TE,Stanford,https://www.sports-reference.com/cfb/players/zach-ertz-1.html
2012,Jonathan Cooper,OL,North Carolina,https://www.sports-reference.com/cfb/players/jonathan-cooper-1.html
2012,Luke Joeckel,OL,Texas A&M,https://www.sports-reference.com/cfb/players/luke-joeckel-1.html
2012,Barrett Jones,OL,Alabama,https://www.sports-reference.com/cfb/players/barrett-jones-1.html
2012,Chance Warmack,OL,Alabama,https://www.sports-reference.com/cfb/players/chance-warmack-1.html
2012,Cairo Santos,K,Tulane,https://www.sports-reference.com/cfb/players/cairo-santos-1.html
2012,Dri Archer,AP,Kent State,https://www.sports-reference.com/cfb/players/dri-archer-1.html
2012,Jadeveon Clowney,DL,South Carolina,https://www.sports-reference.com/cfb/players/jadeveon-clowney-1.html
2012,Damontre Moore,DL,Texas A&M,https://www.sports-reference.com/cfb/players/damontre-moore-1.html
2012,Will Sutton,DL,Arizona State,https://www.sports-reference.com/cfb/players/will-sutton-1.html
2012,Bjoern Werner,DL,Florida State,https://www.sports-reference.com/cfb/players/bjoern-werner-1.html
2012,Jarvis Jones,LB,Georgia,https://www.sports-reference.com/cfb/players/jarvis-jones-1.html
2012,C.J. Mosley,LB,Alabama,https://www.sports-reference.com/cfb/players/cj-mosley-1.html
2012,Manti Te'o,LB,Notre Dame,https://www.sports-reference.com/cfb/players/manti-teo-1.html
2012,Demarcus Milliner,DB,Alabama,https://www.sports-reference.com/cfb/players/demarcus-milliner-1.html
2012,Jordan Poyer,DB,Oregon State,https://www.sports-reference.com/cfb/players/jordan-poyer-1.html
2012,Phillip Thomas,DB,Fresno State,https://www.sports-reference.com/cfb/players/phillip-thomas-2.html
2012,Ryan Allen,P,Louisiana Tech,https://www.sports-reference.com/cfb/players/ryan-allen-1.html
2013,Tom Hornsey,P,Memphis,https://www.sports-reference.com/cfb/players/tom-hornsey-1.html
2013,Jameis Winston,QB,Florida State,https://www.sports-reference.com/cfb/players/jameis-winston-1.html
2013,Ka'Deem Carey,RB,Arizona,https://www.sports-reference.com/cfb/players/kadeem-carey-1.html
2013,Andre Williams,RB,Boston College,https://www.sports-reference.com/cfb/players/andre-williams-2.html
2013,Brandin Cooks,WR,Oregon State,https://www.sports-reference.com/cfb/players/brandin-cooks-1.html
2013,Mike Evans,WR,Texas A&M,https://www.sports-reference.com/cfb/players/mike-evans-4.html
2013,Jace Amaro,TE,Texas Tech,https://www.sports-reference.com/cfb/players/jace-amaro-1.html
2013,Gabe Ikard,OL,Oklahoma,https://www.sports-reference.com/cfb/players/gabe-ikard-1.html
2013,Cyrus Kouandjio,OL,Alabama,https://www.sports-reference.com/cfb/players/cyrus-kouandjio-1.html
2013,Jake Matthews,OL,Texas A&M,https://www.sports-reference.com/cfb/players/jake-matthews-1.html
2013,Cyril Richardson,OL,Baylor,https://www.sports-reference.com/cfb/players/cyril-richardson-1.html
2013,Bryan Stork,OL,Florida State,https://www.sports-reference.com/cfb/players/bryan-stork-1.html
2013,David Yankey,OL,Stanford,https://www.sports-reference.com/cfb/players/david-yankey-1.html
2013,Anthony Fera,K,Texas,https://www.sports-reference.com/cfb/players/anthony-fera-1.html
2013,Ty Montgomery,AP,Stanford,https://www.sports-reference.com/cfb/players/ty-montgomery-1.html
2013,Vic Beasley,DL,Clemson,https://www.sports-reference.com/cfb/players/vic-beasley-1.html
2013,Aaron Donald,DL,Pitt,https://www.sports-reference.com/cfb/players/aaron-donald-1.html
2013,Jackson Jeffcoat,DL,Texas,https://www.sports-reference.com/cfb/players/jackson-jeffcoat-1.html
2013,Michael Sam,DL,Missouri,https://www.sports-reference.com/cfb/players/michael-sam-1.html
2013,Anthony Barr,LB,UCLA,https://www.sports-reference.com/cfb/players/anthony-barr-1.html
2013,C.J. Mosley,LB,Alabama,https://www.sports-reference.com/cfb/players/cj-mosley-1.html
2013,Trent Murphy,LB,Stanford,https://www.sports-reference.com/cfb/players/trent-murphy-1.html
2013,Ha Ha Clinton-Dix,DB,Alabama,https://www.sports-reference.com/cfb/players/ha-ha-clinton-dix-1.html
2013,Darqueze Dennard,DB,Michigan State,https://www.sports-reference.com/cfb/players/darqueze-dennard-1.html
2013,Justin Gilbert,DB,Oklahoma State,https://www.sports-reference.com/cfb/players/justin-gilbert-1.html
2013,Lamarcus Joyner,DB,Florida State,https://www.sports-reference.com/cfb/players/lamarcus-joyner-1.html
2014,Marcus Mariota,QB,Oregon,https://www.sports-reference.com/cfb/players/marcus-mariota-1.html
2014,Tevin Coleman,RB,Indiana,https://www.sports-reference.com/cfb/players/tevin-coleman-1.html
2014,Melvin Gordon,RB,Wisconsin,https://www.sports-reference.com/cfb/players/melvin-gordon-1.html
2014,Amari Cooper,WR,Alabama,https://www.sports-reference.com/cfb/players/amari-cooper-1.html
2014,Rashard Higgins,WR,Colorado State,https://www.sports-reference.com/cfb/players/rashard-higgins-1.html
2014,Nick O'Leary,TE,Florida State,https://www.sports-reference.com/cfb/players/nick-oleary-1.html
2014,Reese Dismukes,OL,Auburn,https://www.sports-reference.com/cfb/players/reese-dismukes-1.html
2014,Spencer Drango,OL,Baylor,https://www.sports-reference.com/cfb/players/spencer-drango-1.html
2014,Tre' Jackson,OL,Florida State,https://www.sports-reference.com/cfb/players/tre-jackson-1.html
2014,Brandon Scherff,OL,Iowa,https://www.sports-reference.com/cfb/players/brandon-scherff-1.html
2014,Laken Tomlinson,OL,Duke,https://www.sports-reference.com/cfb/players/laken-tomlinson-1.html
2014,Roberto Aguayo,K,Florida State,https://www.sports-reference.com/cfb/players/roberto-aguayo-1.html
2014,Tyler Lockett,AP,Kansas State,https://www.sports-reference.com/cfb/players/tyler-lockett-1.html
2014,Vic Beasley,DL,Clemson,https://www.sports-reference.com/cfb/players/vic-beasley-1.html
2014,Joey Bosa,DL,Ohio State,https://www.sports-reference.com/cfb/players/joey-bosa-1.html
2014,Malcom Brown,DL,Texas,https://www.sports-reference.com/cfb/players/malcom-brown-1.html
2014,Shane Ray,DL,Missouri,https://www.sports-reference.com/cfb/players/shane-ray-1.html
2014,Paul Dawson,LB,Texas Christian,https://www.sports-reference.com/cfb/players/paul-dawson-1.html
2014,Hau'oli Kikaha,LB,Washington,https://www.sports-reference.com/cfb/players/hauoli-kikaha-2.html
2014,Scooby Wright,LB,Arizona,https://www.sports-reference.com/cfb/players/scooby-wright-1.html
2014,Landon Collins,DB,Alabama,https://www.sports-reference.com/cfb/players/landon-collins-1.html
2014,Ifo Ekpre-Olomu,DB,Oregon,https://www.sports-reference.com/cfb/players/ifo-ekpre-olomu-1.html
2014,Senquez Golson,DB,Ole Miss,https://www.sports-reference.com/cfb/players/senquez-golson-1.html
2014,Gerod Holliman,DB,Louisville,https://www.sports-reference.com/cfb/players/gerod-holliman-1.html
2014,Tom Hackett,P,Utah,https://www.sports-reference.com/cfb/players/tom-hackett-1.html
2015,Deshaun Watson,QB,Clemson,https://www.sports-reference.com/cfb/players/deshaun-watson-1.html
2015,Leonard Fournette,RB,LSU,https://www.sports-reference.com/cfb/players/leonard-fournette-1.html
2015,Derrick Henry,RB,Alabama,https://www.sports-reference.com/cfb/players/derrick-henry-2.html
2015,Corey Coleman,WR,Baylor,https://www.sports-reference.com/cfb/players/corey-coleman-1.html
2015,Josh Doctson,WR,Texas Christian,https://www.sports-reference.com/cfb/players/josh-doctson-1.html
2015,Hunter Henry,TE,Arkansas,https://www.sports-reference.com/cfb/players/hunter-henry-1.html
2015,Taylor Decker,OL,Ohio State,https://www.sports-reference.com/cfb/players/taylor-decker-1.html
2015,Spencer Drango,OL,Baylor,https://www.sports-reference.com/cfb/players/spencer-drango-1.html
2015,Joshua Garnett,OL,Stanford,https://www.sports-reference.com/cfb/players/joshua-garnett-1.html
2015,Ryan Kelly,OL,Alabama,https://www.sports-reference.com/cfb/players/ryan-kelly-1.html
2015,Ronnie Stanley,OL,Notre Dame,https://www.sports-reference.com/cfb/players/ronnie-stanley-2.html
2015,Ka'Imi Fairbairn,K,UCLA,https://www.sports-reference.com/cfb/players/kaimi-fairbairn-1.html
2015,Evan Berry,AP,Tennessee,https://www.sports-reference.com/cfb/players/evan-berry-1.html
2015,Christian McCaffrey,AP,Stanford,https://www.sports-reference.com/cfb/players/christian-mccaffrey-1.html
2015,Joey Bosa,DL,Ohio State,https://www.sports-reference.com/cfb/players/joey-bosa-1.html
2015,Shaq Lawson,DL,Clemson,https://www.sports-reference.com/cfb/players/shaq-lawson-1.html
2015,Carl Nassib,DL,Penn State,https://www.sports-reference.com/cfb/players/carl-nassib-1.html
2015,A'Shawn Robinson,DL,Alabama,https://www.sports-reference.com/cfb/players/ashawn-robinson-1.html
2015,Tyler Matakevich,LB,Temple,https://www.sports-reference.com/cfb/players/tyler-matakevich-1.html
2015,Reggie Ragland,LB,Alabama,https://www.sports-reference.com/cfb/players/reggie-ragland-1.html
2015,Jaylon Smith,LB,Notre Dame,https://www.sports-reference.com/cfb/players/jaylon-smith-1.html
2015,Jeremy Cash,DB,Duke,https://www.sports-reference.com/cfb/players/jeremy-cash-2.html
2015,Vernon Hargreaves III,DB,Florida,https://www.sports-reference.com/cfb/players/vernon-hargreaves-iii-1.html
2015,Desmond King,DB,Iowa,https://www.sports-reference.com/cfb/players/desmond-king-1.html
2015,Jalen Ramsey,DB,Florida State,https://www.sports-reference.com/cfb/players/jalen-ramsey-1.html
2015,Tom Hackett,P,Utah,https://www.sports-reference.com/cfb/players/tom-hackett-1.html
2016,Pat Elflein,C,Ohio State,https://www.sports-reference.com/cfb/players/pat-elfein-1.html
2016,Lamar Jackson,QB,Louisville,https://www.sports-reference.com/cfb/players/lamar-jackson-1.html
2016,Dalvin Cook,RB,Florida State,https://www.sports-reference.com/cfb/players/dalvin-cook-1.html
2016,D'Onta Foreman,RB,Texas,https://www.sports-reference.com/cfb/players/donta-foreman-1.html
2016,Corey Davis,WR,Western Michigan,https://www.sports-reference.com/cfb/players/corey-davis-3.html
2016,Dede Westbrook,WR,Oklahoma,https://www.sports-reference.com/cfb/players/dede-westbrook-1.html
2016,Jake Butt,TE,Michigan,https://www.sports-reference.com/cfb/players/jake-butt-1.html
2016,Cody O'Connell,OL,Washington State,https://www.sports-reference.com/cfb/players/cody-oconnell-1.html
2016,Ryan Ramczyk,OL,Wisconsin,https://www.sports-reference.com/cfb/players/ryan-ramczyk-1.html
2016,Cam Robinson,OL,Alabama,https://www.sports-reference.com/cfb/players/cam-robinson-2.html
2016,Connor Williams,OL,Texas,https://www.sports-reference.com/cfb/players/connor-williams-2.html
2016,Zane Gonzalez,K,Arizona State,https://www.sports-reference.com/cfb/players/zane-gonzalez-1.html
2016,Quadree Henderson,AP,Pitt,https://www.sports-reference.com/cfb/players/quadree-henderson-1.html
2016,Jonathan Allen,DL,Alabama,https://www.sports-reference.com/cfb/players/jonathan-allen-1.html
2016,Derek Barnett,DL,Tennessee,https://www.sports-reference.com/cfb/players/derek-barnett-2.html
2016,Myles Garrett,DL,Texas A&M,https://www.sports-reference.com/cfb/players/myles-garrett-1.html
2016,Demarcus Walker,DL,Florida State,https://www.sports-reference.com/cfb/players/demarcus-walker-1.html
2016,Zach Cunningham,LB,Vanderbilt,https://www.sports-reference.com/cfb/players/zach-cunningham-1.html
2016,Reuben Foster,LB,Alabama,https://www.sports-reference.com/cfb/players/reuben-foster-1.html
2016,Jabrill Peppers,LB,Michigan,https://www.sports-reference.com/cfb/players/jabrill-peppers-1.html
2016,Minkah Fitzpatrick,DB,Alabama,https://www.sports-reference.com/cfb/players/minkah-fitzpatrick-1.html
2016,Malik Hooker,DB,Ohio State,https://www.sports-reference.com/cfb/players/malik-hooker-1.html
2016,Adoree Jackson,DB,USC,https://www.sports-reference.com/cfb/players/adoree-jackson-1.html
2016,Jourdan Lewis,DB,Michigan,https://www.sports-reference.com/cfb/players/jourdan-lewis-1.html
2016,Tre'Davious White,DB,LSU,https://www.sports-reference.com/cfb/players/tredavious-white-1.html
2016,Mitch Wishnowsky,P,Utah,https://www.sports-reference.com/cfb/players/mitch-wishnowsky-1.html
2017,Billy Price,C,Ohio State,https://www.sports-reference.com/cfb/players/billy-price-1.html
2017,Baker Mayfield,QB,Oklahoma,https://www.sports-reference.com/cfb/players/baker-mayfield-1.html
2017,Bryce Love,RB,Stanford,https://www.sports-reference.com/cfb/players/bryce-love-1.html
2017,Rashaad Penny,RB,San Diego State,https://www.sports-reference.com/cfb/players/rashaad-penny-1.html
2017,Michael Gallup,WR,Colorado State,https://www.sports-reference.com/cfb/players/michael-gallup-1.html
2017,Anthony Miller,WR,Memphis,https://www.sports-reference.com/cfb/players/anthony-miller-6.html
2017,James Washington,WR,Oklahoma State,https://www.sports-reference.com/cfb/players/james-washington-5.html
2017,Mark Andrews,TE,Oklahoma,https://www.sports-reference.com/cfb/players/mark-andrews-1.html
2017,Orlando Brown,OL,Oklahoma,https://www.sports-reference.com/cfb/players/orlando-brown-2.html
2017,Mike McGlinchey,OL,Notre Dame,https://www.sports-reference.com/cfb/players/mike-mcglinchey-1.html
2017,Quenton Nelson,OL,Notre Dame,https://www.sports-reference.com/cfb/players/quenton-nelson-1.html
2017,Cody O'Connell,OL,Washington State,https://www.sports-reference.com/cfb/players/cody-oconnell-1.html
2017,Matt Gay,K,Utah,https://www.sports-reference.com/cfb/players/matt-gay-2.html
2017,Saquon Barkley,AP,Penn State,https://www.sports-reference.com/cfb/players/saquon-barkley-1.html
2017,Dante Pettis,AP,Washington,https://www.sports-reference.com/cfb/players/dante-pettis-1.html
2017,Bradley Chubb,DL,North Carolina State,https://www.sports-reference.com/cfb/players/bradley-chubb-1.html
2017,Maurice Hurst Jr.,DL,Michigan,https://www.sports-reference.com/cfb/players/maurice-hurst-jr-1.html
2017,Hercules Mata'afa,DL,Washington State,https://www.sports-reference.com/cfb/players/hercules-mataafa-1.html
2017,Ed Oliver,DL,Houston,https://www.sports-reference.com/cfb/players/ed-oliver-2.html
2017,Sutton Smith,DL,Northern Illinois,https://www.sports-reference.com/cfb/players/sutton-smith-1.html
2017,Josey Jewell,LB,Iowa,https://www.sports-reference.com/cfb/players/josey-jewell-1.html
2017,Roquan Smith,LB,Georgia,https://www.sports-reference.com/cfb/players/roquan-smith-1.html
2017,DeShon Elliott,DB,Texas,https://www.sports-reference.com/cfb/players/deshon-elliott-1.html
2017,Minkah Fitzpatrick,DB,Alabama,https://www.sports-reference.com/cfb/players/minkah-fitzpatrick-1.html
2017,Joshua Jackson,DB,Iowa,https://www.sports-reference.com/cfb/players/joshua-jackson-3.html
2017,Denzel Ward,DB,Ohio State,https://www.sports-reference.com/cfb/players/denzel-ward-3.html
2017,Michael Dickson,P,Texas,https://www.sports-reference.com/cfb/players/michael-dickson-1.html
2018,Garrett Bradbury,C,North Carolina State,https://www.sports-reference.com/cfb/players/garrett-bradbury-1.html
2018,Tua Tagovailoa,QB,Alabama,https://www.sports-reference.com/cfb/players/tua-tagovailoa-1.html
2018,Darrell Henderson,RB,Memphis,https://www.sports-reference.com/cfb/players/darrell-henderson-1.html
2018,Jonathan Taylor,RB,Wisconsin,https://www.sports-reference.com/cfb/players/jonathan-taylor-1.html
2018,Andy Isabella,WR,Massachusetts,https://www.sports-reference.com/cfb/players/andy-isabella-1.html
2018,Jerry Jeudy,WR,Alabama,https://www.sports-reference.com/cfb/players/jerry-jeudy-1.html
2018,Jace Sternberger,TE,Texas A&M,https://www.sports-reference.com/cfb/players/jace-sternberger-1.html
2018,Beau Benzschawel,OL,Wisconsin,https://www.sports-reference.com/cfb/players/beau-benzschawel-1.html
2018,Mitch Hyatt,OL,Clemson,https://www.sports-reference.com/cfb/players/mitch-hyatt-1.html
2018,Ben Powers,OL,Oklahoma,https://www.sports-reference.com/cfb/players/ben-powers-1.html
2018,Jonah Williams,OL,Alabama,https://www.sports-reference.com/cfb/players/jonah-williams-1.html
2018,Andre Szmyt,K,Syracuse,https://www.sports-reference.com/cfb/players/andre-szmyt-1.html
2018,Rondale Moore,AP,Purdue,https://www.sports-reference.com/cfb/players/rondale-moore-1.html
2018,Savon Scarver,AP,Utah State,https://www.sports-reference.com/cfb/players/savon-scarver-1.html
2018,Clelin Ferrell,DL,Clemson,https://www.sports-reference.com/cfb/players/clelin-ferrell-1.html
2018,Ed Oliver,DL,Houston,https://www.sports-reference.com/cfb/players/ed-oliver-2.html
2018,Christian Wilkins,DL,Clemson,https://www.sports-reference.com/cfb/players/christian-wilkins-1.html
2018,Quinnen Williams,DL,Alabama,https://www.sports-reference.com/cfb/players/quinnen-williams-1.html
2018,Josh Allen,LB,Kentucky,https://www.sports-reference.com/cfb/players/josh-allen-6.html
2018,Devin Bush,LB,Michigan,https://www.sports-reference.com/cfb/players/devin-bush-2.html
2018,Devin White,LB,LSU,https://www.sports-reference.com/cfb/players/devin-white-1.html
2018,Deandre Baker,DB,Georgia,https://www.sports-reference.com/cfb/players/deandre-baker-1.html
2018,Grant Delpit,DB,LSU,https://www.sports-reference.com/cfb/players/grant-delpit-1.html
2018,Julian Love,DB,Notre Dame,https://www.sports-reference.com/cfb/players/julian-love-1.html
2018,Deionte Thompson,DB,Alabama,https://www.sports-reference.com/cfb/players/deionte-thompson-1.html
2018,Greedy Williams,DB,LSU,https://www.sports-reference.com/cfb/players/greedy-williams-1.html
2018,Braden Mann,P,Texas A&M,https://www.sports-reference.com/cfb/players/braden-mann-1.html
2019,Tyler Biadasz,C,Wisconsin,https://www.sports-reference.com/cfb/players/tyler-biadasz-1.html
2019,Joe Burrow,QB,LSU,https://www.sports-reference.com/cfb/players/joe-burrow-1.html
2019,Chuba Hubbard,RB,Oklahoma State,https://www.sports-reference.com/cfb/players/chuba-hubbard-1.html
2019,Jonathan Taylor,RB,Wisconsin,https://www.sports-reference.com/cfb/players/jonathan-taylor-1.html
2019,Ja'Marr Chase,WR,LSU,https://www.sports-reference.com/cfb/players/jamarr-chase-1.html
2019,CeeDee Lamb,WR,Oklahoma,https://www.sports-reference.com/cfb/players/ceedee-lamb-1.html
2019,Harrison Bryant,TE,Florida Atlantic,https://www.sports-reference.com/cfb/players/harrison-bryant-1.html
2019,Wyatt Davis,OL,Ohio State,https://www.sports-reference.com/cfb/players/wyatt-davis-1.html
2019,Penei Sewell,OL,Oregon,https://www.sports-reference.com/cfb/players/penei-sewell-1.html
2019,John Simpson,OL,Clemson,https://www.sports-reference.com/cfb/players/john-simpson-3.html
2019,Andrew Thomas,OL,Georgia,https://www.sports-reference.com/cfb/players/andrew-thomas-2.html
2019,Keith Duncan,K,Iowa,https://www.sports-reference.com/cfb/players/keith-duncan-1.html
2019,Lynn Bowden Jr.,AP,Kentucky,https://www.sports-reference.com/cfb/players/lynn-bowden-jr-1.html
2019,Bradlee Anae,DL,Utah,https://www.sports-reference.com/cfb/players/bradlee-anae-1.html
2019,Derrick Brown,DL,Auburn,https://www.sports-reference.com/cfb/players/derrick-brown-6.html
2019,James Lynch,DL,Baylor,https://www.sports-reference.com/cfb/players/james-lynch-3.html
2019,Chase Young,DL,Ohio State,https://www.sports-reference.com/cfb/players/chase-young-1.html
2019,Isaiah Simmons,LB,Clemson,https://www.sports-reference.com/cfb/players/isaiah-simmons-1.html
2019,Evan Weaver,LB,California,https://www.sports-reference.com/cfb/players/evan-weaver-1.html
2019,Grant Delpit,DB,LSU,https://www.sports-reference.com/cfb/players/grant-delpit-1.html
2019,Jeffrey Okudah,DB,Ohio State,https://www.sports-reference.com/cfb/players/jeffrey-okudah-1.html
2019,J.R. Reed,DB,Georgia,https://www.sports-reference.com/cfb/players/jr-reed-3.html
2019,Derek Stingley Jr.,DB,LSU,https://www.sports-reference.com/cfb/players/derek-stingley-jr-1.html
2019,Antoine Winfield Jr.,DB,Minnesota,https://www.sports-reference.com/cfb/players/antoine-winfield-jr-1.html
2019,Max Duffy,P,Kentucky,https://www.sports-reference.com/cfb/players/max-duffy-1.html
